regime,slope,Vb,Vd
timer,1.8951892223432745,20.0,39.34280599158667
timer,1.8951892223432745,19.671402995793336,43.87538788166495
timer,1.8951892223432745,21.937693940832474,39.878846078398446
timer,1.8951892223432745,19.939423039199223,33.47215343768284
timer,1.8951892223432745,16.73607671884142,24.570646731563254
timer,1.8951892223432745,12.285323365781627,27.66066004208724
timer,1.8951892223432745,13.83033002104362,30.43488332686946
timer,1.8951892223432745,15.21744166343473,30.19346211109851
timer,1.8951892223432745,15.096731055549254,31.123015302442496
timer,1.8951892223432745,15.561507651221248,28.757736918583973
timer,1.8951892223432745,14.378868459291986,30.100284183170096
timer,1.8951892223432745,15.050142091585048,37.7035254353051
timer,1.8951892223432745,18.85176271765255,40.05509933004375
timer,1.8951892223432745,20.027549665021876,53.05279315723528
timer,1.8951892223432745,26.52639657861764,42.453843191647266
timer,1.8951892223432745,21.226921595823633,29.96735451433678
timer,1.8951892223432745,14.98367725716839,34.80576136151998
timer,1.8951892223432745,17.40288068075999,28.241684943920063
timer,1.8951892223432745,14.120842471960032,28.79590396365883
timer,1.8951892223432745,14.397951981829415,28.18748375232908
timer,1.8951892223432745,14.09374187616454,21.13171762611524
timer,1.8951892223432745,10.56585881305762,23.551195059255736
timer,1.8951892223432745,11.775597529627868,18.42337945530331
timer,1.8951892223432745,9.211689727651654,14.026740050340678
timer,1.8951892223432745,7.013370025170339,17.995563849629825
timer,1.8951892223432745,8.997781924814912,16.869306724681394
timer,1.8951892223432745,8.434653362340697,17.684229850700785
timer,1.8951892223432745,8.842114925350392,14.70155481814919
timer,1.8951892223432745,7.350777409074595,15.77613362523578
timer,1.8951892223432745,7.88806681261789,16.490238497063885
timer,1.8951892223432745,8.245119248531942,16.690608845203826
timer,1.8951892223432745,8.345304422601913,13.233331569192371
timer,1.8951892223432745,6.616665784596186,14.74077667234569
timer,1.8951892223432745,7.370388336172845,13.943053499087624
timer,1.8951892223432745,6.971526749543812,13.726501869338408
timer,1.8951892223432745,6.863250934669204,11.987470938164803
timer,1.8951892223432745,5.993735469082401,13.685749914231229
timer,1.8951892223432745,6.842874957115614,12.405283745382862
timer,1.8951892223432745,6.202641872691431,14.540018673032964
timer,1.8951892223432745,7.270009336516482,10.338309889196774
timer,1.8951892223432745,5.169154944598387,11.827151822805952
timer,1.8951892223432745,5.913575911402976,11.583592849356524
timer,1.8951892223432745,5.791796424678262,10.26583669583492
timer,1.8951892223432745,5.13291834791746,11.468602407896533
timer,1.8951892223432745,5.734301203948267,10.177609548168299
timer,1.8951892223432745,5.088804774084149,12.233312196374259
timer,1.8951892223432745,6.116656098187129,12.513177992903321
timer,1.8951892223432745,6.256588996451661,12.204851118959937
timer,1.8951892223432745,6.102425559479968,11.65691513004618
timer,1.8951892223432745,5.82845756502309,7.94601319817921
timer,1.8951892223432745,3.973006599089605,8.41053412951188
timer,1.8951892223432745,4.20526706475594,8.082015530903908
timer,1.8951892223432745,4.041007765451954,9.544287122939245
timer,1.8951892223432745,4.772143561469623,9.555533531935508
timer,1.8951892223432745,4.777766765967754,8.805388494682711
timer,1.8951892223432745,4.402694247341356,9.180246129446765
timer,1.8951892223432745,4.590123064723382,10.982785856109633
timer,1.8951892223432745,5.491392928054816,11.940909745149442
timer,1.8951892223432745,5.970454872574721,11.909198994363743
timer,1.8951892223432745,5.954599497181872,10.678029747449553
timer,1.8951892223432745,5.339014873724777,10.067829509315953
timer,1.8951892223432745,5.033914754657976,12.010641491617713
timer,1.8951892223432745,6.005320745808857,12.399385567015438
timer,1.8951892223432745,6.199692783507719,15.467974049940002
timer,1.8951892223432745,7.733987024970001,14.179674095091633
timer,1.8951892223432745,7.089837047545816,12.105501682729091
timer,1.8951892223432745,6.052750841364546,11.062468389105833
timer,1.8951892223432745,5.531234194552916,10.099664657468892
timer,1.8951892223432745,5.049832328734446,8.842942158756502
timer,1.8951892223432745,4.421471079378251,9.027722184302538
timer,1.8951892223432745,4.513861092151269,7.536862823330813
timer,1.8951892223432745,3.7684314116654063,8.373788511657374
timer,1.8951892223432745,4.186894255828687,8.782365447563079
timer,1.8951892223432745,4.391182723781539,9.604877158391327
timer,1.8951892223432745,4.802438579195663,11.254286886287387
timer,1.8951892223432745,5.6271434431436935,10.831709203344587
timer,1.8951892223432745,5.415854601672294,10.459437873627575
timer,1.8951892223432745,5.2297189368137875,10.54994236744137
timer,1.8951892223432745,5.274971183720685,10.370511015057874
timer,1.8951892223432745,5.185255507528937,9.817953215870284
timer,1.8951892223432745,4.908976607935142,9.764757547127909
timer,1.8951892223432745,4.882378773563954,9.208105573333196
timer,1.8951892223432745,4.604052786666598,11.09276784384216
timer,1.8951892223432745,5.54638392192108,11.365512331418298
timer,1.8951892223432745,5.682756165709149,10.658044844601697
timer,1.8951892223432745,5.329022422300849,11.201322024933198
timer,1.8951892223432745,5.600661012466599,10.607092736650602
timer,1.8951892223432745,5.303546368325301,10.274921981288271
timer,1.8951892223432745,5.1374609906441355,12.308182999390063
timer,1.8951892223432745,6.154091499695031,11.854284081201735
timer,1.8951892223432745,5.9271420406008675,13.222091056599965
timer,1.8951892223432745,6.611045528299982,11.929641002031666
timer,1.8951892223432745,5.964820501015833,11.96917668667237
timer,1.8951892223432745,5.984588343336185,11.607753833821695
timer,1.8951892223432745,5.8038769169108475,12.317741562948815
timer,1.8951892223432745,6.158870781474407,10.284965068643265
timer,1.8951892223432745,5.1424825343216325,9.884566888442167
timer,1.8951892223432745,4.942283444221084,10.36604344684094
timer,1.8951892223432745,5.18302172342047,11.607118045434314
timer,1.8951892223432745,5.803559022717157,13.371740668676141
timer,1.8951892223432745,6.6858703343380705,16.843113668125586
timer,1.8951892223432745,8.421556834062793,14.231526728990389
timer,1.8951892223432745,7.115763364495194,15.023723978743279
timer,1.8951892223432745,7.511861989371639,15.311859125779815
timer,1.8951892223432745,7.655929562889908,18.55574556964203
timer,1.8951892223432745,9.277872784821016,19.572431006463038
timer,1.8951892223432745,9.786215503231519,16.921612772800064
timer,1.8951892223432745,8.460806386400032,15.890336305108269
timer,1.8951892223432745,7.9451681525541344,14.218691947981236
timer,1.8951892223432745,7.109345973990618,14.924221981388113
timer,1.8951892223432745,7.462110990694057,14.347110866845872
timer,1.8951892223432745,7.173555433422936,14.48030438000659
timer,1.8951892223432745,7.240152190003295,14.616760109912978
timer,1.8951892223432745,7.308380054956489,14.342355251628536
timer,1.8951892223432745,7.171177625814268,11.723338545843607
timer,1.8951892223432745,5.861669272921803,12.475026204816693
timer,1.8951892223432745,6.2375131024083466,11.26946594412384
timer,1.8951892223432745,5.63473297206192,12.444270285377605
timer,1.8951892223432745,6.222135142688803,14.475569309826398
timer,1.8951892223432745,7.237784654913199,10.885036166695627
timer,1.8951892223432745,5.442518083347814,9.509243095690076
timer,1.8951892223432745,4.754621547845038,8.06333218191554
timer,1.8951892223432745,4.03166609095777,7.562600165287524
timer,1.8951892223432745,3.781300082643762,7.728158310729375
timer,1.8951892223432745,3.8640791553646876,7.420716526643067
timer,1.8951892223432745,3.7103582633215333,7.255302785148801
timer,1.8951892223432745,3.6276513925744003,7.246548132860612
timer,1.8951892223432745,3.623274066430306,6.655651896095887
timer,1.8951892223432745,3.3278259480479435,7.3195538434300245
timer,1.8951892223432745,3.6597769217150122,5.523149309876941
timer,1.8951892223432745,2.7615746549384705,5.283608862070263
timer,1.8951892223432745,2.6418044310351316,4.969100315911807
timer,1.8951892223432745,2.4845501579559035,5.996365103043867
timer,1.8951892223432745,2.9981825515219334,5.720838464874797
timer,1.8951892223432745,2.8604192324373985,4.7233858883466455
timer,1.8951892223432745,2.3616929441733228,5.39256481584093
timer,1.8951892223432745,2.696282407920465,5.2175285613497655
timer,1.8951892223432745,2.6087642806748828,5.440940448084485
timer,1.8951892223432745,2.7204702240422427,6.236117198528092
timer,1.8951892223432745,3.118058599264046,6.507736562413294
timer,1.8951892223432745,3.253868281206647,5.741336728875348
timer,1.8951892223432745,2.870668364437674,4.877928446870877
timer,1.8951892223432745,2.4389642234354385,4.849483604316017
timer,1.8951892223432745,2.4247418021580085,5.464762274610235
timer,1.8951892223432745,2.7323811373051177,4.718513902771215
timer,1.8951892223432745,2.3592569513856074,3.782618087808324
timer,1.8951892223432745,1.891309043904162,3.8604713167396185
timer,1.8951892223432745,1.9302356583698093,4.172899168985324
timer,1.8951892223432745,2.086449584492662,3.3078346586722764
timer,1.8951892223432745,1.6539173293361382,3.9533902401338894
timer,1.8951892223432745,1.9766951200669447,3.763264092273671
timer,1.8951892223432745,1.8816320461368354,3.9539415154883084
timer,1.8951892223432745,1.9769707577441542,3.9747319817365265
timer,1.8951892223432745,1.9873659908682633,4.720555308592583
timer,1.8951892223432745,2.3602776542962913,4.8797082211093255
timer,1.8951892223432745,2.4398541105546627,4.732980756875062
timer,1.8951892223432745,2.366490378437531,4.293000924386531
timer,1.8951892223432745,2.1465004621932655,5.01315299423211
timer,1.8951892223432745,2.506576497116055,5.612245114862288
timer,1.8951892223432745,2.806122557431144,6.271485120997392
timer,1.8951892223432745,3.135742560498696,7.874970004779326
timer,1.8951892223432745,3.937485002389663,7.990015256340898
timer,1.8951892223432745,3.995007628170449,9.712027913666887
timer,1.8951892223432745,4.8560139568334435,11.053143270927613
timer,1.8951892223432745,5.526571635463807,11.07570016886503
timer,1.8951892223432745,5.537850084432515,9.684446860731448
timer,1.8951892223432745,4.842223430365724,8.71328930895588
timer,1.8951892223432745,4.35664465447794,8.797671139319103
timer,1.8951892223432745,4.398835569659552,9.082656126505698
timer,1.8951892223432745,4.541328063252849,8.359202559448558
timer,1.8951892223432745,4.179601279724279,8.598283842562303
timer,1.8951892223432745,4.2991419212811515,8.827303096348016
timer,1.8951892223432745,4.413651548174008,8.731649208599247
timer,1.8951892223432745,4.365824604299624,7.984347302584627
timer,1.8951892223432745,3.9921736512923136,7.6445193372728415
timer,1.8951892223432745,3.8222596686364207,8.252280430134714
timer,1.8951892223432745,4.126140215067357,9.033814488571553
timer,1.8951892223432745,4.516907244285776,7.393331401526363
timer,1.8951892223432745,3.6966657007631816,8.481000404188707
timer,1.8951892223432745,4.240500202094354,8.870812905795685
timer,1.8951892223432745,4.435406452897842,8.257451778292621
timer,1.8951892223432745,4.128725889146311,7.8346253119511795
timer,1.8951892223432745,3.9173126559755898,6.497797838800468
timer,1.8951892223432745,3.248898919400234,6.520138836337081
timer,1.8951892223432745,3.2600694181685403,7.0339885404031035
timer,1.8951892223432745,3.5169942702015518,8.720336906883626
timer,1.8951892223432745,4.360168453441813,8.702479821740944
timer,1.8951892223432745,4.351239910870472,9.451834967255028
timer,1.8951892223432745,4.725917483627514,9.474965987233212
timer,1.8951892223432745,4.737482993616606,9.502260919424318
timer,1.8951892223432745,4.751130459712159,8.695738150517455
timer,1.8951892223432745,4.3478690752587275,9.888520542454012
timer,1.8951892223432745,4.944260271227006,8.555918948496727
timer,1.8951892223432745,4.277959474248363,8.233227921242563
timer,1.8951892223432745,4.116613960621281,7.176610751135174
timer,1.8951892223432745,3.588305375567587,7.030858562416889
timer,1.8951892223432745,3.5154292812084447,5.5505008356270205
timer,1.8951892223432745,2.7752504178135102,5.152844787903912
timer,1.8951892223432745,2.576422393951956,4.9850736474573445
timer,1.8951892223432745,2.4925368237286722,4.76787069690283
timer,1.8951892223432745,2.383935348451415,4.828456022061816
timer,1.8951892223432745,2.414228011030908,6.127830290009411
timer,1.8951892223432745,3.0639151450047053,6.667997925270096
timer,1.8951892223432745,3.333998962635048,5.877111320796033
timer,1.8951892223432745,2.9385556603980163,5.371075563165229
timer,1.8951892223432745,2.6855377815826147,5.1697667351749494
timer,1.8951892223432745,2.5848833675874747,5.776464162233493
timer,1.8951892223432745,2.8882320811167466,6.687373275675055
timer,1.8951892223432745,3.3436866378375276,6.079051382816031
timer,1.8951892223432745,3.0395256914080155,6.69119401790437
timer,1.8951892223432745,3.345597008952185,6.942853003453097
timer,1.8951892223432745,3.4714265017265484,7.555801239824697
timer,1.8951892223432745,3.7779006199123484,6.95034361867452
timer,1.8951892223432745,3.47517180933726,7.230427503993734
timer,1.8951892223432745,3.615213751996867,7.152560988691533
timer,1.8951892223432745,3.5762804943457667,7.159659668897944
timer,1.8951892223432745,3.579829834448972,9.406125887138524
timer,1.8951892223432745,4.703062943569262,10.03443997560736
timer,1.8951892223432745,5.01721998780368,9.30846139440753
timer,1.8951892223432745,4.654230697203765,9.841149498392914
timer,1.8951892223432745,4.920574749196457,8.946573139138879
timer,1.8951892223432745,4.4732865695694395,7.381789866153687
timer,1.8951892223432745,3.6908949330768435,7.135669420533419
timer,1.8951892223432745,3.5678347102667094,7.425762483749483
timer,1.8951892223432745,3.7128812418747414,7.983155207250394
timer,1.8951892223432745,3.991577603625197,8.058545033740284
timer,1.8951892223432745,4.029272516870142,7.754723167033883
timer,1.8951892223432745,3.8773615835169415,7.253018833322356
timer,1.8951892223432745,3.626509416661178,6.356283868114983
timer,1.8951892223432745,3.1781419340574915,8.120602702659273
timer,1.8951892223432745,4.060301351329636,8.227900069132115
timer,1.8951892223432745,4.113950034566058,8.578263341248269
timer,1.8951892223432745,4.289131670624134,8.645250524848914
timer,1.8951892223432745,4.322625262424457,8.208100662884615
timer,1.8951892223432745,4.104050331442307,8.726206531547982
timer,1.8951892223432745,4.363103265773991,9.32292215953048
timer,1.8951892223432745,4.66146107976524,9.282688708849125
timer,1.8951892223432745,4.641344354424563,10.458853485036682
timer,1.8951892223432745,5.229426742518341,11.356785719128574
timer,1.8951892223432745,5.678392859564287,12.815033610479857
timer,1.8951892223432745,6.407516805239928,11.681647338111286
timer,1.8951892223432745,5.840823669055643,11.279351743750583
timer,1.8951892223432745,5.6396758718752915,11.013445571470529
timer,1.8951892223432745,5.506722785735264,11.282147615142073
timer,1.8951892223432745,5.641073807571036,12.10927354865641
timer,1.8951892223432745,6.054636774328205,10.615872457067628
timer,1.8951892223432745,5.307936228533814,7.247168985447202
timer,1.8951892223432745,3.623584492723601,7.513924369575215
timer,1.8951892223432745,3.7569621847876076,9.151157677046458
timer,1.8951892223432745,4.575578838523229,10.65766422312909
timer,1.8951892223432745,5.328832111564545,9.489696040567923
timer,1.8951892223432745,4.744848020283961,9.434764176151253
timer,1.8951892223432745,4.7173820880756265,11.179972475407789
timer,1.8951892223432745,5.5899862377038945,11.809171318677553
timer,1.8951892223432745,5.904585659338776,9.618242115251734
timer,1.8951892223432745,4.809121057625867,10.560133341873135
timer,1.8951892223432745,5.280066670936567,13.455666707613306
timer,1.8951892223432745,6.727833353806653,16.717657380879416
timer,1.8951892223432745,8.358828690439708,13.530016212343169
timer,1.8951892223432745,6.765008106171584,10.966065151022983
timer,1.8951892223432745,5.4830325755114915,9.639536111960261
timer,1.8951892223432745,4.819768055980131,11.090562518755801
timer,1.8951892223432745,5.545281259377901,11.19304957337286
timer,1.8951892223432745,5.59652478668643,10.554141479227967
timer,1.8951892223432745,5.2770707396139835,7.810918388352191
timer,1.8951892223432745,3.9054591941760957,6.174533458438213
timer,1.8951892223432745,3.0872667292191065,6.2057099857691
timer,1.8951892223432745,3.10285499288455,6.139705329015272
timer,1.8951892223432745,3.069852664507636,4.989955632586806
timer,1.8951892223432745,2.494977816293403,4.967578690517185
timer,1.8951892223432745,2.4837893452585926,5.3887380431253
timer,1.8951892223432745,2.69436902156265,6.2378940757452535
timer,1.8951892223432745,3.1189470378726267,7.040276150147606
timer,1.8951892223432745,3.520138075073803,5.4692523912105875
timer,1.8951892223432745,2.7346261956052937,4.9418779828623505
timer,1.8951892223432745,2.4709389914311752,4.751673773121454
timer,1.8951892223432745,2.375836886560727,5.6147542934462065
timer,1.8951892223432745,2.8073771467231032,5.691997093042415
timer,1.8951892223432745,2.8459985465212077,4.503464660976315
timer,1.8951892223432745,2.2517323304881574,4.273443309442869
timer,1.8951892223432745,2.1367216547214345,3.645379396031343
timer,1.8951892223432745,1.8226896980156715,3.063737442004462
timer,1.8951892223432745,1.531868721002231,3.3852911711459517
timer,1.8951892223432745,1.6926455855729758,3.762748612721607
timer,1.8951892223432745,1.8813743063608035,3.7588948655718193
timer,1.8951892223432745,1.8794474327859096,3.9334152276648298
timer,1.8951892223432745,1.9667076138324149,3.696186159836311
timer,1.8951892223432745,1.8480930799181554,3.6963056323102865
timer,1.8951892223432745,1.8481528161551433,3.9352969718147977
timer,1.8951892223432745,1.9676484859073988,4.272109020788375
timer,1.8951892223432745,2.1360545103941875,4.99857491761189
timer,1.8951892223432745,2.499287458805945,5.427655920914904
timer,1.8951892223432745,2.713827960457452,6.246302011330388
timer,1.8951892223432745,3.123151005665194,6.28914206098981
timer,1.8951892223432745,3.144571030494905,5.424367110453848
timer,1.8951892223432745,2.712183555226924,5.722728379928961
timer,1.8951892223432745,2.8613641899644806,6.744717591080401
timer,1.8951892223432745,3.3723587955402006,4.978184782964935
timer,1.8951892223432745,2.4890923914824676,4.48598593050931
timer,1.8951892223432745,2.242992965254655,5.183792981035367
timer,1.8951892223432745,2.5918964905176836,5.059482364481093
timer,1.8951892223432745,2.5297411822405467,5.931296526587749
timer,1.8951892223432745,2.9656482632938745,5.080791493072899
timer,1.8951892223432745,2.5403957465364493,5.544489923401474
timer,1.8951892223432745,2.772244961700737,5.612341596675842
timer,1.8951892223432745,2.806170798337921,5.5475112715952575
timer,1.8951892223432745,2.7737556357976287,5.627517088888716
timer,1.8951892223432745,2.813758544444358,6.12019134379417
timer,1.8951892223432745,3.060095671897085,6.173588612883401
timer,1.8951892223432745,3.0867943064417007,6.8334545114266385
timer,1.8951892223432745,3.4167272557133193,7.657670574531884
timer,1.8951892223432745,3.828835287265942,8.41419525645696
timer,1.8951892223432745,4.20709762822848,8.729945805708338
timer,1.8951892223432745,4.364972902854169,9.546633165047892
timer,1.8951892223432745,4.773316582523946,8.490783052906064
timer,1.8951892223432745,4.245391526453032,10.599746890297164
timer,1.8951892223432745,5.299873445148582,11.25984851923611
timer,1.8951892223432745,5.629924259618055,10.464575230041568
timer,1.8951892223432745,5.232287615020784,11.368251730555722
timer,1.8951892223432745,5.684125865277861,12.635852291459114
timer,1.8951892223432745,6.317926145729557,12.905701701213248
timer,1.8951892223432745,6.452850850606624,12.258467432533468
timer,1.8951892223432745,6.129233716266734,11.49950833508561
timer,1.8951892223432745,5.749754167542805,11.430045101427769
timer,1.8951892223432745,5.7150225507138845,9.886063338570231
timer,1.8951892223432745,4.943031669285116,8.977459736931339
timer,1.8951892223432745,4.488729868465669,9.043212456955711
timer,1.8951892223432745,4.5216062284778555,8.38710200209234
timer,1.8951892223432745,4.19355100104617,6.692739632213647
timer,1.8951892223432745,3.3463698161068236,5.728038526518547
timer,1.8951892223432745,2.8640192632592734,5.304915251504912
timer,1.8951892223432745,2.652457625752456,3.7515066003322635
timer,1.8951892223432745,1.8757533001661317,4.083695581696262
timer,1.8951892223432745,2.041847790848131,3.9832868571712305
timer,1.8951892223432745,1.9916434285856153,3.3943561867063616
timer,1.8951892223432745,1.6971780933531808,4.184658836446959
timer,1.8951892223432745,2.0923294182234793,4.664108855755598
timer,1.8951892223432745,2.332054427877799,4.857090391443459
timer,1.8951892223432745,2.4285451957217297,4.753310439283908
timer,1.8951892223432745,2.376655219641954,4.61513689904913
timer,1.8951892223432745,2.307568449524565,5.589303852729161
timer,1.8951892223432745,2.7946519263645806,4.639223840111459
timer,1.8951892223432745,2.3196119200557295,4.148869567150127
timer,1.8951892223432745,2.0744347835750636,4.371654769362717
timer,1.8951892223432745,2.1858273846813585,3.9448025542742458
timer,1.8951892223432745,1.9724012771371229,3.4726643745081147
timer,1.8951892223432745,1.7363321872540574,3.5568797692905774
timer,1.8951892223432745,1.7784398846452887,3.0629978455009566
timer,1.8951892223432745,1.5314989227504783,2.89661840308626
timer,1.8951892223432745,1.44830920154313,3.1750078835627553
timer,1.8951892223432745,1.5875039417813777,3.9485394622651517
timer,1.8951892223432745,1.9742697311325759,3.6528236512067114
timer,1.8951892223432745,1.8264118256033557,3.290271521394267
timer,1.8951892223432745,1.6451357606971335,4.010826674077624
timer,1.8951892223432745,2.005413337038812,3.984493295043869
timer,1.8951892223432745,1.9922466475219345,3.45301420036976
timer,1.8951892223432745,1.72650710018488,2.7142775256322134
timer,1.8951892223432745,1.3571387628161067,2.4724772916160838
timer,1.8951892223432745,1.2362386458080419,2.307743385572731
timer,1.8951892223432745,1.1538716927863655,2.2439633061309756
timer,1.8951892223432745,1.1219816530654878,2.2144153100674124
timer,1.8951892223432745,1.1072076550337062,2.2574131179245556
timer,1.8951892223432745,1.1287065589622778,1.7897059944872775
timer,1.8951892223432745,0.8948529972436388,1.571622985666127
timer,1.8951892223432745,0.7858114928330635,1.746504670996245
timer,1.8951892223432745,0.8732523354981225,1.9252463957960217
timer,1.8951892223432745,0.9626231978980109,2.1305807650335846
timer,1.8951892223432745,1.0652903825167923,2.293517524408576
timer,1.8951892223432745,1.146758762204288,2.8640522584303514
timer,1.8951892223432745,1.4320261292151757,2.7891493676278625
timer,1.8951892223432745,1.3945746838139312,2.589401092440339
timer,1.8951892223432745,1.2947005462201695,2.326937556101565
timer,1.8951892223432745,1.1634687780507824,2.51025260491722
timer,1.8951892223432745,1.25512630245861,2.5878982701606428
timer,1.8951892223432745,1.2939491350803214,2.0889683036002142
timer,1.8951892223432745,1.0444841518001071,2.242050072971496
timer,1.8951892223432745,1.121025036485748,2.306876531259168
timer,1.8951892223432745,1.153438265629584,2.239568703799576
timer,1.8951892223432745,1.119784351899788,2.6124983188549824
timer,1.8951892223432745,1.3062491594274912,2.6836119570495063
timer,1.8951892223432745,1.3418059785247531,2.5156778751335143
timer,1.8951892223432745,1.2578389375667571,2.112527695665288
timer,1.8951892223432745,1.056263847832644,2.581629886239914
timer,1.8951892223432745,1.290814943119957,2.5102177310613567
timer,1.8951892223432745,1.2551088655306784,2.5575941251580714
timer,1.8951892223432745,1.2787970625790357,3.012755630760625
timer,1.8951892223432745,1.5063778153803125,3.1075716934204554
timer,1.8951892223432745,1.5537858467102277,3.144366473228001
timer,1.8951892223432745,1.5721832366140005,3.176628149474363
timer,1.8951892223432745,1.5883140747371816,3.04626778916358
timer,1.8951892223432745,1.52313389458179,3.0223467088720795
timer,1.8951892223432745,1.5111733544360397,3.1024110163796124
timer,1.8951892223432745,1.5512055081898062,3.3359649576257198
timer,1.8951892223432745,1.6679824788128599,3.1865998477914546
timer,1.8951892223432745,1.5932999238957273,3.6093040077166694
timer,1.8951892223432745,1.8046520038583347,3.366080002306651
timer,1.8951892223432745,1.6830400011533255,3.4077147252207673
timer,1.8951892223432745,1.7038573626103837,3.4640410421123375
timer,1.8951892223432745,1.7320205210561688,3.2628895460449305
timer,1.8951892223432745,1.6314447730224653,2.91336024290136
adder,0.8893157834193376,20.0,45.35847691958965
adder,0.8893157834193376,22.679238459794824,38.73501476995307
adder,0.8893157834193376,19.367507384976534,33.09510241124553
adder,0.8893157834193376,16.547551205622764,34.51970148235106
adder,0.8893157834193376,17.25985074117553,35.69007372971272
adder,0.8893157834193376,17.84503686485636,46.43731609717127
adder,0.8893157834193376,23.218658048585635,46.137076380441925
adder,0.8893157834193376,23.068538190220963,33.946661243884115
adder,0.8893157834193376,16.973330621942058,41.37386821203269
adder,0.8893157834193376,20.686934106016345,38.37457396134436
adder,0.8893157834193376,19.18728698067218,40.265222306353365
adder,0.8893157834193376,20.132611153176683,41.38460579956877
adder,0.8893157834193376,20.692302899784384,39.04420430374912
adder,0.8893157834193376,19.52210215187456,36.0296677261962
adder,0.8893157834193376,18.0148338630981,40.33185178107086
adder,0.8893157834193376,20.16592589053543,36.635795018144144
adder,0.8893157834193376,18.317897509072072,31.085501587484714
adder,0.8893157834193376,15.542750793742357,32.516421561541016
adder,0.8893157834193376,16.258210780770508,31.593857923109876
adder,0.8893157834193376,15.796928961554938,36.645279556074534
adder,0.8893157834193376,18.322639778037267,46.74067434365133
adder,0.8893157834193376,23.370337171825664,43.927269011324476
adder,0.8893157834193376,21.963634505662238,40.407511623955806
adder,0.8893157834193376,20.203755811977903,35.871569360175236
adder,0.8893157834193376,17.935784680087618,38.9417760176017
adder,0.8893157834193376,19.47088800880085,40.28946979329745
adder,0.8893157834193376,20.144734896648725,42.60173233819951
adder,0.8893157834193376,21.300866169099756,32.628045091417455
adder,0.8893157834193376,16.314022545708728,38.80388542961925
adder,0.8893157834193376,19.401942714809625,47.57938124126134
adder,0.8893157834193376,23.78969062063067,45.942813961408206
adder,0.8893157834193376,22.971406980704103,45.82479210378248
adder,0.8893157834193376,22.91239605189124,38.38222018106283
adder,0.8893157834193376,19.191110090531414,39.02945784054912
adder,0.8893157834193376,19.51472892027456,41.49007294674061
adder,0.8893157834193376,20.745036473370305,45.73848753800602
adder,0.8893157834193376,22.86924376900301,49.22283476182451
adder,0.8893157834193376,24.611417380912254,42.525260866344546
adder,0.8893157834193376,21.262630433172273,48.314105845906596
adder,0.8893157834193376,24.157052922953298,49.38185301732673
adder,0.8893157834193376,24.690926508663367,39.14008919851777
adder,0.8893157834193376,19.570044599258885,35.303112429889545
adder,0.8893157834193376,17.651556214944772,33.75043709359472
adder,0.8893157834193376,16.87521854679736,38.09029993599056
adder,0.8893157834193376,19.04514996799528,39.31582297293148
adder,0.8893157834193376,19.65791148646574,40.65536910093804
adder,0.8893157834193376,20.32768455046902,54.47416130022792
adder,0.8893157834193376,27.23708065011396,45.289845477756295
adder,0.8893157834193376,22.644922738878147,39.2332802271741
adder,0.8893157834193376,19.61664011358705,40.46578613319672
adder,0.8893157834193376,20.23289306659836,39.257744038177705
adder,0.8893157834193376,19.628872019088853,41.83145131187964
adder,0.8893157834193376,20.91572565593982,42.79508474004255
adder,0.8893157834193376,21.397542370021274,31.65899982682484
adder,0.8893157834193376,15.82949991341242,38.33348341725827
adder,0.8893157834193376,19.166741708629136,41.620783381298345
adder,0.8893157834193376,20.810391690649173,34.80815419971963
adder,0.8893157834193376,17.404077099859816,42.04303170330348
adder,0.8893157834193376,21.02151585165174,47.865784242434664
adder,0.8893157834193376,23.932892121217332,35.753883360494726
adder,0.8893157834193376,17.876941680247363,44.01650754019613
adder,0.8893157834193376,22.008253770098065,49.4862919755968
adder,0.8893157834193376,24.7431459877984,45.130394223837655
adder,0.8893157834193376,22.565197111918827,34.68701436914411
adder,0.8893157834193376,17.343507184572054,41.169467045581186
adder,0.8893157834193376,20.584733522790593,39.08686131639762
adder,0.8893157834193376,19.54343065819881,34.731583136829194
adder,0.8893157834193376,17.365791568414597,43.70738895968536
adder,0.8893157834193376,21.85369447984268,34.90374540908604
adder,0.8893157834193376,17.45187270454302,30.71080840027521
adder,0.8893157834193376,15.355404200137604,36.132946063641945
adder,0.8893157834193376,18.066473031820973,47.91516000663131
adder,0.8893157834193376,23.957580003315655,39.37231461773883
adder,0.8893157834193376,19.686157308869415,29.051280898002485
adder,0.8893157834193376,14.525640449001243,33.38344154421995
adder,0.8893157834193376,16.691720772109974,33.36804942306357
adder,0.8893157834193376,16.684024711531784,28.566082259569225
adder,0.8893157834193376,14.283041129784612,31.783844320560227
adder,0.8893157834193376,15.891922160280114,36.392686344739346
adder,0.8893157834193376,18.196343172369673,41.442995387760405
adder,0.8893157834193376,20.721497693880202,34.53368037428147
adder,0.8893157834193376,17.266840187140733,40.15400257566781
adder,0.8893157834193376,20.077001287833905,44.998747524290756
adder,0.8893157834193376,22.499373762145378,44.008094834946476
adder,0.8893157834193376,22.004047417473238,47.49612120339956
adder,0.8893157834193376,23.74806060169978,52.21217715596028
adder,0.8893157834193376,26.10608857798014,46.12897054612784
adder,0.8893157834193376,23.06448527306392,50.81954408009223
adder,0.8893157834193376,25.409772040046114,49.39012712322859
adder,0.8893157834193376,24.695063561614294,45.73090907764055
adder,0.8893157834193376,22.865454538820273,42.44787800528885
adder,0.8893157834193376,21.223939002644425,42.17170029979219
adder,0.8893157834193376,21.085850149896096,40.215663928448244
adder,0.8893157834193376,20.107831964224122,41.47892500370398
adder,0.8893157834193376,20.73946250185199,40.49663880974418
adder,0.8893157834193376,20.24831940487209,41.269142974511034
adder,0.8893157834193376,20.634571487255517,37.833074708267674
adder,0.8893157834193376,18.916537354133837,39.44237565361237
adder,0.8893157834193376,19.721187826806187,38.08488547298385
adder,0.8893157834193376,19.042442736491925,34.72096862078817
adder,0.8893157834193376,17.360484310394085,43.30226594425527
adder,0.8893157834193376,21.651132972127634,46.82976246174509
adder,0.8893157834193376,23.414881230872545,38.11382361979137
adder,0.8893157834193376,19.056911809895684,43.39799321358347
adder,0.8893157834193376,21.698996606791734,38.4873620143452
adder,0.8893157834193376,19.2436810071726,33.55351174495673
adder,0.8893157834193376,16.776755872478365,36.9337391763217
adder,0.8893157834193376,18.46686958816085,38.45989434985378
adder,0.8893157834193376,19.22994717492689,43.60664562487841
adder,0.8893157834193376,21.803322812439205,33.994630710898115
adder,0.8893157834193376,16.997315355449057,40.21879649942021
adder,0.8893157834193376,20.109398249710104,40.22474498666905
adder,0.8893157834193376,20.112372493334526,33.05693251316048
adder,0.8893157834193376,16.52846625658024,34.973312540069465
adder,0.8893157834193376,17.486656270034732,28.416174296561096
adder,0.8893157834193376,14.208087148280548,37.09845810160183
adder,0.8893157834193376,18.549229050800914,39.87972939566567
adder,0.8893157834193376,19.939864697832835,36.256312597790014
adder,0.8893157834193376,18.128156298895007,38.4027663842443
adder,0.8893157834193376,19.20138319212215,41.459608918356864
adder,0.8893157834193376,20.729804459178432,39.57960354358032
adder,0.8893157834193376,19.78980177179016,46.252885913605716
adder,0.8893157834193376,23.126442956802858,47.75766670549668
adder,0.8893157834193376,23.87883335274834,35.343225993784785
adder,0.8893157834193376,17.671612996892392,35.15325027728953
adder,0.8893157834193376,17.576625138644765,41.26373953698892
adder,0.8893157834193376,20.63186976849446,39.298287335580014
adder,0.8893157834193376,19.649143667790007,39.94260021349246
adder,0.8893157834193376,19.97130010674623,34.24220551768317
adder,0.8893157834193376,17.121102758841584,46.01925880657754
adder,0.8893157834193376,23.00962940328877,45.7217271036853
adder,0.8893157834193376,22.86086355184265,40.460531882497854
adder,0.8893157834193376,20.230265941248927,40.652343761055775
adder,0.8893157834193376,20.326171880527887,38.17441535100171
adder,0.8893157834193376,19.087207675500856,44.37702792588207
adder,0.8893157834193376,22.188513962941034,38.940538881784995
adder,0.8893157834193376,19.470269440892498,33.230448672308185
adder,0.8893157834193376,16.615224336154093,41.65538018537392
adder,0.8893157834193376,20.82769009268696,37.54422374547952
adder,0.8893157834193376,18.77211187273976,39.0551043425903
adder,0.8893157834193376,19.52755217129515,38.846950277910324
adder,0.8893157834193376,19.423475138955162,41.856975639811026
adder,0.8893157834193376,20.928487819905513,42.96794744692444
adder,0.8893157834193376,21.48397372346222,44.26507403619427
adder,0.8893157834193376,22.132537018097135,44.31042120566626
adder,0.8893157834193376,22.15521060283313,33.29473967394638
adder,0.8893157834193376,16.64736983697319,30.101506535060317
adder,0.8893157834193376,15.050753267530158,36.01377484724175
adder,0.8893157834193376,18.006887423620874,42.58734773321198
adder,0.8893157834193376,21.29367386660599,44.60759670925584
adder,0.8893157834193376,22.30379835462792,47.301610934869316
adder,0.8893157834193376,23.650805467434658,35.02143275130641
adder,0.8893157834193376,17.510716375653207,33.30661712073053
adder,0.8893157834193376,16.653308560365264,26.03409552328037
adder,0.8893157834193376,13.017047761640185,32.52227641925231
adder,0.8893157834193376,16.261138209626154,31.075916277164616
adder,0.8893157834193376,15.537958138582308,27.380513934472763
adder,0.8893157834193376,13.690256967236381,37.70652213437376
adder,0.8893157834193376,18.85326106718688,33.36970807532685
adder,0.8893157834193376,16.684854037663424,38.37497163353016
adder,0.8893157834193376,19.18748581676508,40.48812143448008
adder,0.8893157834193376,20.24406071724004,43.039346681673706
adder,0.8893157834193376,21.519673340836853,33.33955164436672
adder,0.8893157834193376,16.66977582218336,33.78031338916568
adder,0.8893157834193376,16.89015669458284,36.667327395391
adder,0.8893157834193376,18.3336636976955,41.652791707385234
adder,0.8893157834193376,20.826395853692617,42.51562484491962
adder,0.8893157834193376,21.25781242245981,33.790296552634096
adder,0.8893157834193376,16.895148276317048,32.989201642099005
adder,0.8893157834193376,16.494600821049502,36.37989008139597
adder,0.8893157834193376,18.189945040697985,42.27576478948961
adder,0.8893157834193376,21.137882394744803,40.41275458750794
adder,0.8893157834193376,20.20637729375397,37.04477720025033
adder,0.8893157834193376,18.522388600125165,39.17163902605573
adder,0.8893157834193376,19.585819513027865,33.54713237220256
adder,0.8893157834193376,16.77356618610128,36.282169462872446
adder,0.8893157834193376,18.141084731436223,34.615482050452464
adder,0.8893157834193376,17.307741025226232,35.537869588154535
adder,0.8893157834193376,17.768934794077268,38.55474656431259
adder,0.8893157834193376,19.277373282156294,33.79299678811632
adder,0.8893157834193376,16.89649839405816,31.910936583207686
adder,0.8893157834193376,15.955468291603843,34.214133897759474
adder,0.8893157834193376,17.107066948879737,38.86302843346482
adder,0.8893157834193376,19.43151421673241,29.633802313158476
adder,0.8893157834193376,14.816901156579238,26.054462885267043
adder,0.8893157834193376,13.027231442633521,27.88088187908456
adder,0.8893157834193376,13.94044093954228,34.93403387245956
adder,0.8893157834193376,17.46701693622978,36.67229541348276
adder,0.8893157834193376,18.33614770674138,38.220524938662734
adder,0.8893157834193376,19.110262469331367,46.102963271758185
adder,0.8893157834193376,23.051481635879092,35.27082636872357
adder,0.8893157834193376,17.635413184361784,40.60078773814895
adder,0.8893157834193376,20.300393869074476,37.72898401035517
adder,0.8893157834193376,18.864492005177585,40.20825080551518
adder,0.8893157834193376,20.10412540275759,32.70249215292218
adder,0.8893157834193376,16.35124607646109,35.616735776280656
adder,0.8893157834193376,17.808367888140328,35.32573740312654
adder,0.8893157834193376,17.66286870156327,42.12860878522073
adder,0.8893157834193376,21.064304392610364,32.985257525200105
adder,0.8893157834193376,16.492628762600052,41.51946634212791
adder,0.8893157834193376,20.759733171063957,46.921202914688294
adder,0.8893157834193376,23.460601457344147,43.49910502837218
adder,0.8893157834193376,21.74955251418609,53.36246926320036
adder,0.8893157834193376,26.68123463160018,48.87487917930193
adder,0.8893157834193376,24.437439589650964,47.6920681916341
adder,0.8893157834193376,23.84603409581705,45.96604518273207
adder,0.8893157834193376,22.983022591366034,36.99276887332462
adder,0.8893157834193376,18.49638443666231,33.69892773018296
adder,0.8893157834193376,16.84946386509148,38.23984606423737
adder,0.8893157834193376,19.119923032118685,39.04920358904158
adder,0.8893157834193376,19.52460179452079,40.38600430245167
adder,0.8893157834193376,20.193002151225834,44.96266513522225
adder,0.8893157834193376,22.481332567611126,32.5732422853841
adder,0.8893157834193376,16.28662114269205,39.43895084392611
adder,0.8893157834193376,19.719475421963054,39.19540546752081
adder,0.8893157834193376,19.597702733760404,43.92491353788842
adder,0.8893157834193376,21.96245676894421,44.207480025140796
adder,0.8893157834193376,22.103740012570398,48.515213048611336
adder,0.8893157834193376,24.257606524305668,45.668369940725746
adder,0.8893157834193376,22.834184970362873,39.30831993464094
adder,0.8893157834193376,19.65415996732047,37.8004289098684
adder,0.8893157834193376,18.9002144549342,38.84960508753982
adder,0.8893157834193376,19.42480254376991,37.354354436551134
adder,0.8893157834193376,18.677177218275567,36.10087895119508
adder,0.8893157834193376,18.05043947559754,40.88190916667861
adder,0.8893157834193376,20.440954583339305,42.513907411309376
adder,0.8893157834193376,21.256953705654688,45.79178877101871
adder,0.8893157834193376,22.895894385509354,45.9231756739202
adder,0.8893157834193376,22.9615878369601,40.90544200387281
adder,0.8893157834193376,20.452721001936403,42.844946201986716
adder,0.8893157834193376,21.422473100993358,40.642958539641675
adder,0.8893157834193376,20.321479269820838,48.106759821954135
adder,0.8893157834193376,24.053379910977068,35.455708513433514
adder,0.8893157834193376,17.727854256716757,41.16259082959878
adder,0.8893157834193376,20.58129541479939,35.9127064066221
adder,0.8893157834193376,17.95635320331105,36.89617895135307
adder,0.8893157834193376,18.448089475676536,32.18650593179342
adder,0.8893157834193376,16.09325296589671,37.48516514651735
adder,0.8893157834193376,18.742582573258677,33.73666262625291
adder,0.8893157834193376,16.868331313126454,32.745248622817755
adder,0.8893157834193376,16.372624311408877,35.85766410450493
adder,0.8893157834193376,17.928832052252464,34.24224132398932
adder,0.8893157834193376,17.12112066199466,49.26774231965435
adder,0.8893157834193376,24.633871159827176,47.15898531641211
adder,0.8893157834193376,23.579492658206053,48.52467059707194
adder,0.8893157834193376,24.26233529853597,46.434946868659864
adder,0.8893157834193376,23.217473434329932,42.0250593930895
adder,0.8893157834193376,21.01252969654475,40.29033124645257
adder,0.8893157834193376,20.145165623226283,39.597912332308276
adder,0.8893157834193376,19.798956166154138,44.0998721330377
adder,0.8893157834193376,22.04993606651885,36.78271011274372
adder,0.8893157834193376,18.39135505637186,32.845668930099116
adder,0.8893157834193376,16.422834465049558,39.388345995314104
adder,0.8893157834193376,19.694172997657052,34.69446363023817
adder,0.8893157834193376,17.347231815119084,31.67427289381821
adder,0.8893157834193376,15.837136446909104,40.330919734437245
adder,0.8893157834193376,20.165459867218622,36.48626403119527
adder,0.8893157834193376,18.243132015597634,34.875225565700596
adder,0.8893157834193376,17.437612782850298,37.552527699489616
adder,0.8893157834193376,18.776263849744808,43.142040581765244
adder,0.8893157834193376,21.571020290882622,39.85558590410881
adder,0.8893157834193376,19.927792952054403,41.72356300416443
adder,0.8893157834193376,20.861781502082216,41.91824188046194
adder,0.8893157834193376,20.95912094023097,44.29094002338713
adder,0.8893157834193376,22.145470011693565,39.83301996116049
adder,0.8893157834193376,19.916509980580244,46.933335174797946
adder,0.8893157834193376,23.466667587398973,47.58347712903942
adder,0.8893157834193376,23.79173856451971,45.09514812795662
adder,0.8893157834193376,22.54757406397831,36.99847158333706
adder,0.8893157834193376,18.49923579166853,40.13594353450392
adder,0.8893157834193376,20.06797176725196,44.77561134162136
adder,0.8893157834193376,22.38780567081068,39.94124407856155
adder,0.8893157834193376,19.970622039280777,47.04086885104789
adder,0.8893157834193376,23.520434425523945,42.776142894710844
adder,0.8893157834193376,21.388071447355422,39.41588177590405
adder,0.8893157834193376,19.707940887952024,37.318165971044536
adder,0.8893157834193376,18.659082985522268,35.6147166818669
adder,0.8893157834193376,17.80735834093345,42.464091835782824
adder,0.8893157834193376,21.232045917891412,36.29201053108687
adder,0.8893157834193376,18.146005265543437,33.748180798289184
adder,0.8893157834193376,16.874090399144592,46.10467279116141
adder,0.8893157834193376,23.052336395580706,40.198931403265846
adder,0.8893157834193376,20.099465701632923,38.432134878029984
adder,0.8893157834193376,19.216067439014992,41.73661209210279
adder,0.8893157834193376,20.868306046051394,42.222898404290746
adder,0.8893157834193376,21.111449202145373,44.47354876593593
adder,0.8893157834193376,22.236774382967965,40.682030742694515
adder,0.8893157834193376,20.341015371347257,40.87859024324658
adder,0.8893157834193376,20.43929512162329,33.36924001633203
adder,0.8893157834193376,16.684620008166014,36.09872224605585
adder,0.8893157834193376,18.049361123027925,36.58969051689886
adder,0.8893157834193376,18.29484525844943,36.84830144335286
adder,0.8893157834193376,18.42415072167643,35.96931736110224
adder,0.8893157834193376,17.98465868055112,43.237119624431905
adder,0.8893157834193376,21.618559812215953,48.155052317162706
adder,0.8893157834193376,24.077526158581353,45.14986752720485
adder,0.8893157834193376,22.574933763602424,39.690696831541764
adder,0.8893157834193376,19.845348415770882,35.4860655016018
adder,0.8893157834193376,17.7430327508009,33.317660131728594
adder,0.8893157834193376,16.658830065864297,37.57229012272162
adder,0.8893157834193376,18.78614506136081,41.08985034629102
adder,0.8893157834193376,20.54492517314551,47.5392521581781
adder,0.8893157834193376,23.76962607908905,54.635977781664344
adder,0.8893157834193376,27.317988890832172,43.2222286665607
adder,0.8893157834193376,21.61111433328035,46.437020942316465
adder,0.8893157834193376,23.218510471158233,43.45651913400226
adder,0.8893157834193376,21.72825956700113,30.93193487722306
adder,0.8893157834193376,15.46596743861153,34.575243111557924
adder,0.8893157834193376,17.287621555778962,43.70054158612719
adder,0.8893157834193376,21.850270793063594,45.261072877878505
adder,0.8893157834193376,22.630536438939252,39.853189837025056
adder,0.8893157834193376,19.926594918512528,41.35256098801225
adder,0.8893157834193376,20.676280494006125,45.076890876665374
adder,0.8893157834193376,22.538445438332687,48.49629589194251
adder,0.8893157834193376,24.248147945971255,44.09822251895873
adder,0.8893157834193376,22.049111259479364,43.04313412834135
adder,0.8893157834193376,21.521567064170675,45.98354577597404
adder,0.8893157834193376,22.99177288798702,35.61356738758189
adder,0.8893157834193376,17.806783693790944,37.54588587011253
adder,0.8893157834193376,18.772942935056264,35.49038495929516
adder,0.8893157834193376,17.74519247964758,36.522504633915865
adder,0.8893157834193376,18.261252316957933,37.85608061149168
adder,0.8893157834193376,18.92804030574584,36.06417515203893
adder,0.8893157834193376,18.032087576019464,29.53070704683935
adder,0.8893157834193376,14.765353523419675,38.11457540223378
adder,0.8893157834193376,19.05728770111689,40.766769722727446
adder,0.8893157834193376,20.383384861363723,50.42444271513476
adder,0.8893157834193376,25.21222135756738,42.52738732389803
adder,0.8893157834193376,21.263693661949016,43.31414025141316
adder,0.8893157834193376,21.65707012570658,41.55055796459879
adder,0.8893157834193376,20.775278982299394,42.24165471730683
adder,0.8893157834193376,21.120827358653415,32.59708270564761
adder,0.8893157834193376,16.298541352823804,39.63159506707143
adder,0.8893157834193376,19.815797533535715,41.31815628476027
adder,0.8893157834193376,20.659078142380135,43.839099729234576
adder,0.8893157834193376,21.919549864617288,43.403076187520504
adder,0.8893157834193376,21.701538093760252,40.636826212227724
adder,0.8893157834193376,20.318413106113862,38.92163313535493
adder,0.8893157834193376,19.460816567677465,47.81436633665227
adder,0.8893157834193376,23.907183168326135,37.32452181237818
adder,0.8893157834193376,18.66226090618909,39.126647817138924
adder,0.8893157834193376,19.563323908569462,43.0820941483613
adder,0.8893157834193376,21.54104707418065,55.96872770896058
adder,0.8893157834193376,27.98436385448029,38.568967273066775
adder,0.8893157834193376,19.284483636533388,43.332357625385406
adder,0.8893157834193376,21.666178812692703,39.778062593647014
adder,0.8893157834193376,19.889031296823507,37.60442965346092
adder,0.8893157834193376,18.80221482673046,36.99265106981212
adder,0.8893157834193376,18.49632553490606,38.934033852474144
adder,0.8893157834193376,19.467016926237072,41.51253215446842
adder,0.8893157834193376,20.75626607723421,40.90321916862571
adder,0.8893157834193376,20.451609584312855,42.10029986932962
adder,0.8893157834193376,21.05014993466481,51.400152353396884
adder,0.8893157834193376,25.700076176698442,46.77027695159193
adder,0.8893157834193376,23.385138475795966,39.498844760987474
adder,0.8893157834193376,19.749422380493737,37.23781199772048
adder,0.8893157834193376,18.61890599886024,39.32749019017809
adder,0.8893157834193376,19.663745095089045,53.976121755374535
adder,0.8893157834193376,26.988060877687268,40.47830446346552
adder,0.8893157834193376,20.23915223173276,38.622274023719584
adder,0.8893157834193376,19.311137011859792,34.65826489846461
adder,0.8893157834193376,17.329132449232304,28.557247723992784
adder,0.8893157834193376,14.278623861996392,37.69443233682374
adder,0.8893157834193376,18.84721616841187,35.37080045610996
adder,0.8893157834193376,17.68540022805498,39.81016620297261
adder,0.8893157834193376,19.905083101486305,33.48579019430017
adder,0.8893157834193376,16.742895097150086,41.72463331626419
adder,0.8893157834193376,20.862316658132094,41.901742402144436
adder,0.8893157834193376,20.950871201072218,31.057449944713404
adder,0.8893157834193376,15.528724972356702,36.49260528994449
adder,0.8893157834193376,18.246302644972246,39.70816503264343
adder,0.8893157834193376,19.854082516321714,48.86680643773041
adder,0.8893157834193376,24.433403218865205,43.258336318035354
adder,0.8893157834193376,21.629168159017677,44.2464596905928
adder,0.8893157834193376,22.1232298452964,36.33662475409669
adder,0.8893157834193376,18.168312377048345,36.93349877226087
adder,0.8893157834193376,18.466749386130434,38.52103247124411
adder,0.8893157834193376,19.260516235622056,50.83457310970604
adder,0.8893157834193376,25.41728655485302,42.52028258305731
adder,0.8893157834193376,21.260141291528655,48.03975959761222
adder,0.8893157834193376,24.01987979880611,37.23113361975072
adder,0.8893157834193376,18.61556680987536,29.988070294829758
adder,0.8893157834193376,14.994035147414879,31.746464494358104
adder,0.8893157834193376,15.873232247179052,35.401302285765546
adder,0.8893157834193376,17.700651142882773,45.523679046727956
adder,0.8893157834193376,22.761839523363978,45.44867288551872
adder,0.8893157834193376,22.72433644275936,52.32137512765867
adder,0.8893157834193376,26.160687563829335,53.75740978381413
adder,0.8893157834193376,26.878704891907066,42.4183029977751
adder,0.8893157834193376,21.20915149888755,40.433452347808654
adder,0.8893157834193376,20.216726173904327,44.95701718594591
adder,0.8893157834193376,22.478508592972954,44.3206148298466
adder,0.8893157834193376,22.1603074149233,43.987359979049494
adder,0.8893157834193376,21.993679989524747,46.83462861474825
adder,0.8893157834193376,23.417314307374124,38.846646704702444
adder,0.8893157834193376,19.423323352351222,40.384757591199
adder,0.8893157834193376,20.1923787955995,42.75679488452844
adder,0.8893157834193376,21.37839744226422,40.224066192263145
adder,0.8893157834193376,20.112033096131572,37.61843854158747
adder,0.8893157834193376,18.809219270793736,49.13417017969392
sizer,-0.08295691531686676,20.0,37.09848450423718
sizer,-0.08295691531686676,18.54924225211859,41.762239883781774
sizer,-0.08295691531686676,20.881119941890887,38.790509244055436
sizer,-0.08295691531686676,19.395254622027718,50.96320839173568
sizer,-0.08295691531686676,25.48160419586784,31.904125229818057
sizer,-0.08295691531686676,15.952062614909028,38.94231999419263
sizer,-0.08295691531686676,19.471159997096315,30.9239909776216
sizer,-0.08295691531686676,15.4619954888108,34.55444847494799
sizer,-0.08295691531686676,17.277224237473995,46.54446932478589
sizer,-0.08295691531686676,23.272234662392943,41.00362082806023
sizer,-0.08295691531686676,20.501810414030114,42.313498673158165
sizer,-0.08295691531686676,21.156749336579082,43.87444705757956
sizer,-0.08295691531686676,21.93722352878978,39.31209790055291
sizer,-0.08295691531686676,19.656048950276453,39.5886161039765
sizer,-0.08295691531686676,19.79430805198825,37.5491447399633
sizer,-0.08295691531686676,18.77457236998165,34.72338910245069
sizer,-0.08295691531686676,17.361694551225344,35.98439588807187
sizer,-0.08295691531686676,17.992197944035937,39.651566850835984
sizer,-0.08295691531686676,19.825783425417992,47.54467436067591
sizer,-0.08295691531686676,23.772337180337956,41.18964740568333
sizer,-0.08295691531686676,20.594823702841666,41.58547745505185
sizer,-0.08295691531686676,20.792738727525926,27.48601736995783
sizer,-0.08295691531686676,13.743008684978914,29.6256538949887
sizer,-0.08295691531686676,14.81282694749435,38.03735618699249
sizer,-0.08295691531686676,19.018678093496245,40.78287341145988
sizer,-0.08295691531686676,20.39143670572994,43.85776339140497
sizer,-0.08295691531686676,21.928881695702486,41.47479403874722
sizer,-0.08295691531686676,20.73739701937361,44.59246831185333
sizer,-0.08295691531686676,22.296234155926665,38.658456442939965
sizer,-0.08295691531686676,19.329228221469982,40.67305315302505
sizer,-0.08295691531686676,20.336526576512526,38.523592471960015
sizer,-0.08295691531686676,19.261796235980007,43.207564098564205
sizer,-0.08295691531686676,21.603782049282103,40.46320862561903
sizer,-0.08295691531686676,20.231604312809516,34.6432817135277
sizer,-0.08295691531686676,17.32164085676385,40.20746430904119
sizer,-0.08295691531686676,20.103732154520596,36.408063546870494
sizer,-0.08295691531686676,18.204031773435247,34.407548364651205
sizer,-0.08295691531686676,17.203774182325603,43.60073804519349
sizer,-0.08295691531686676,21.800369022596744,39.98953082755459
sizer,-0.08295691531686676,19.994765413777294,36.63847987838387
sizer,-0.08295691531686676,18.319239939191934,35.57987326108551
sizer,-0.08295691531686676,17.789936630542755,44.8762469423431
sizer,-0.08295691531686676,22.43812347117155,42.40463373338562
sizer,-0.08295691531686676,21.20231686669281,36.217620142785
sizer,-0.08295691531686676,18.1088100713925,29.93545096904338
sizer,-0.08295691531686676,14.96772548452169,40.63957942131648
sizer,-0.08295691531686676,20.31978971065824,38.702854778468804
sizer,-0.08295691531686676,19.351427389234402,40.90017754274182
sizer,-0.08295691531686676,20.45008877137091,39.915261180077664
sizer,-0.08295691531686676,19.957630590038832,39.42695240847484
sizer,-0.08295691531686676,19.71347620423742,39.14609089878921
sizer,-0.08295691531686676,19.573045449394606,39.5117334616159
sizer,-0.08295691531686676,19.75586673080795,39.266980795450586
sizer,-0.08295691531686676,19.633490397725293,47.30472111906745
sizer,-0.08295691531686676,23.652360559533726,42.45093252412126
sizer,-0.08295691531686676,21.22546626206063,41.903879817452115
sizer,-0.08295691531686676,20.951939908726057,42.20317630258184
sizer,-0.08295691531686676,21.10158815129092,38.54502255684055
sizer,-0.08295691531686676,19.272511278420275,33.7558637928873
sizer,-0.08295691531686676,16.87793189644365,40.48013554385169
sizer,-0.08295691531686676,20.240067771925844,53.90601452845364
sizer,-0.08295691531686676,26.95300726422682,40.91681195901949
sizer,-0.08295691531686676,20.458405979509745,41.532772338289334
sizer,-0.08295691531686676,20.766386169144667,44.017837212451724
sizer,-0.08295691531686676,22.008918606225862,43.30609063562485
sizer,-0.08295691531686676,21.653045317812424,44.36771630622751
sizer,-0.08295691531686676,22.183858153113754,45.17545389559976
sizer,-0.08295691531686676,22.58772694779988,42.23064892510035
sizer,-0.08295691531686676,21.115324462550173,43.806229217687196
sizer,-0.08295691531686676,21.903114608843598,36.629511365435064
sizer,-0.08295691531686676,18.314755682717532,37.11879079568938
sizer,-0.08295691531686676,18.55939539784469,43.989710477929464
sizer,-0.08295691531686676,21.994855238964732,36.24533586059657
sizer,-0.08295691531686676,18.122667930298284,40.49420342252736
sizer,-0.08295691531686676,20.24710171126368,32.712631108947626
sizer,-0.08295691531686676,16.356315554473813,38.766703169541486
sizer,-0.08295691531686676,19.383351584770743,44.437989841853984
sizer,-0.08295691531686676,22.218994920926992,40.968639766611695
sizer,-0.08295691531686676,20.484319883305847,33.967852948138486
sizer,-0.08295691531686676,16.983926474069243,39.204758364792106
sizer,-0.08295691531686676,19.602379182396053,27.332573928349913
sizer,-0.08295691531686676,13.666286964174956,38.204210783594725
sizer,-0.08295691531686676,19.102105391797362,48.0674384641003
sizer,-0.08295691531686676,24.03371923205015,42.00795096836107
sizer,-0.08295691531686676,21.003975484180536,41.95264192688103
sizer,-0.08295691531686676,20.976320963440514,44.25441256499015
sizer,-0.08295691531686676,22.127206282495074,41.689506138960944
sizer,-0.08295691531686676,20.844753069480472,33.87155806594465
sizer,-0.08295691531686676,16.935779032972324,42.10654260157128
sizer,-0.08295691531686676,21.05327130078564,40.44202606644613
sizer,-0.08295691531686676,20.221013033223066,32.30699070159962
sizer,-0.08295691531686676,16.15349535079981,42.92592830367664
sizer,-0.08295691531686676,21.46296415183832,38.9618110324415
sizer,-0.08295691531686676,19.48090551622075,39.17884385293342
sizer,-0.08295691531686676,19.58942192646671,42.07413505034259
sizer,-0.08295691531686676,21.037067525171295,32.83289073964934
sizer,-0.08295691531686676,16.41644536982467,38.995085806634435
sizer,-0.08295691531686676,19.497542903317218,44.15537260027577
sizer,-0.08295691531686676,22.077686300137884,41.52627430727112
sizer,-0.08295691531686676,20.76313715363556,37.02272457032466
sizer,-0.08295691531686676,18.51136228516233,44.26563541163078
sizer,-0.08295691531686676,22.13281770581539,32.73760692543885
sizer,-0.08295691531686676,16.368803462719423,42.54973521424118
sizer,-0.08295691531686676,21.27486760712059,38.90197355319823
sizer,-0.08295691531686676,19.450986776599116,35.5950959004958
sizer,-0.08295691531686676,17.7975479502479,39.674015364225504
sizer,-0.08295691531686676,19.837007682112752,42.49643316202064
sizer,-0.08295691531686676,21.24821658101032,37.29189973983026
sizer,-0.08295691531686676,18.64594986991513,29.38429557396253
sizer,-0.08295691531686676,14.692147786981264,44.04522408938139
sizer,-0.08295691531686676,22.022612044690696,36.798327728919745
sizer,-0.08295691531686676,18.399163864459872,36.28130503066384
sizer,-0.08295691531686676,18.14065251533192,39.847807072224086
sizer,-0.08295691531686676,19.923903536112043,45.02259589304083
sizer,-0.08295691531686676,22.511297946520415,32.62111854717676
sizer,-0.08295691531686676,16.31055927358838,35.31803389181689
sizer,-0.08295691531686676,17.659016945908444,43.74537568855268
sizer,-0.08295691531686676,21.87268784427634,37.085589550003036
sizer,-0.08295691531686676,18.542794775001518,48.831689457073196
sizer,-0.08295691531686676,24.415844728536598,38.95000724882585
sizer,-0.08295691531686676,19.475003624412924,38.062771726804634
sizer,-0.08295691531686676,19.031385863402317,37.45374226225765
sizer,-0.08295691531686676,18.726871131128824,37.01063977899652
sizer,-0.08295691531686676,18.50531988949826,37.31148595577362
sizer,-0.08295691531686676,18.65574297788681,43.28136242925563
sizer,-0.08295691531686676,21.640681214627815,41.05059006259555
sizer,-0.08295691531686676,20.525295031297777,40.259908913262706
sizer,-0.08295691531686676,20.129954456631353,44.72544473793072
sizer,-0.08295691531686676,22.36272236896536,40.0694742180385
sizer,-0.08295691531686676,20.03473710901925,38.09896609254765
sizer,-0.08295691531686676,19.049483046273824,50.47030860199779
sizer,-0.08295691531686676,25.235154300998897,34.051155700300335
sizer,-0.08295691531686676,17.025577850150167,44.546024892694604
sizer,-0.08295691531686676,22.273012446347302,44.47734101866242
sizer,-0.08295691531686676,22.23867050933121,45.75309118678302
sizer,-0.08295691531686676,22.87654559339151,38.90218177078908
sizer,-0.08295691531686676,19.45109088539454,41.26241625594556
sizer,-0.08295691531686676,20.63120812797278,36.70769153524591
sizer,-0.08295691531686676,18.353845767622953,30.23792335735213
sizer,-0.08295691531686676,15.118961678676065,45.157756995988045
sizer,-0.08295691531686676,22.578878497994022,33.73107238251944
sizer,-0.08295691531686676,16.86553619125972,37.00644371836726
sizer,-0.08295691531686676,18.50322185918363,36.63189001828084
sizer,-0.08295691531686676,18.31594500914042,32.85966415727597
sizer,-0.08295691531686676,16.429832078637986,50.693202012528495
sizer,-0.08295691531686676,25.346601006264248,32.55942795595245
sizer,-0.08295691531686676,16.279713977976225,37.61014269723003
sizer,-0.08295691531686676,18.805071348615016,40.29869251239962
sizer,-0.08295691531686676,20.14934625619981,42.4885796845659
sizer,-0.08295691531686676,21.24428984228295,47.27937468304266
sizer,-0.08295691531686676,23.63968734152133,44.64817413685333
sizer,-0.08295691531686676,22.324087068426664,38.02708507926115
sizer,-0.08295691531686676,19.013542539630574,49.563643062752504
sizer,-0.08295691531686676,24.781821531376252,37.34000026026298
sizer,-0.08295691531686676,18.67000013013149,36.72811481128611
sizer,-0.08295691531686676,18.364057405643056,36.39995021525135
sizer,-0.08295691531686676,18.199975107625676,37.59392195427924
sizer,-0.08295691531686676,18.79696097713962,40.165854511546534
sizer,-0.08295691531686676,20.082927255773267,36.41054226216176
sizer,-0.08295691531686676,18.20527113108088,38.05054400937011
sizer,-0.08295691531686676,19.025272004685053,44.315458145870615
sizer,-0.08295691531686676,22.157729072935307,36.852870549272154
sizer,-0.08295691531686676,18.426435274636077,40.04041522538892
sizer,-0.08295691531686676,20.02020761269446,38.25541976896595
sizer,-0.08295691531686676,19.127709884482975,33.767181178333985
sizer,-0.08295691531686676,16.883590589166992,32.490369268146935
sizer,-0.08295691531686676,16.245184634073468,34.93573170812781
sizer,-0.08295691531686676,17.467865854063906,42.28091727785268
sizer,-0.08295691531686676,21.14045863892634,41.63120156540053
sizer,-0.08295691531686676,20.815600782700265,49.85138026849916
sizer,-0.08295691531686676,24.92569013424958,36.908712831655684
sizer,-0.08295691531686676,18.454356415827842,38.05511039518883
sizer,-0.08295691531686676,19.027555197594413,37.66080945810174
sizer,-0.08295691531686676,18.83040472905087,34.88761140102718
sizer,-0.08295691531686676,17.44380570051359,31.54206335877523
sizer,-0.08295691531686676,15.771031679387615,40.07322473927534
sizer,-0.08295691531686676,20.03661236963767,39.20136080081469
sizer,-0.08295691531686676,19.600680400407345,38.65583459313402
sizer,-0.08295691531686676,19.32791729656701,43.06560442030473
sizer,-0.08295691531686676,21.532802210152365,35.95061925039934
sizer,-0.08295691531686676,17.97530962519967,40.3915238027195
sizer,-0.08295691531686676,20.19576190135975,36.68904553790399
sizer,-0.08295691531686676,18.344522768951997,42.89901527877534
sizer,-0.08295691531686676,21.44950763938767,42.06741089620863
sizer,-0.08295691531686676,21.033705448104314,37.38501162877285
sizer,-0.08295691531686676,18.692505814386426,37.15809210561626
sizer,-0.08295691531686676,18.57904605280813,39.62601144460206
sizer,-0.08295691531686676,19.81300572230103,37.73461672658819
sizer,-0.08295691531686676,18.867308363294097,47.87069159288762
sizer,-0.08295691531686676,23.93534579644381,39.64907935009725
sizer,-0.08295691531686676,19.824539675048626,36.657954194626036
sizer,-0.08295691531686676,18.328977097313018,49.012669200857324
sizer,-0.08295691531686676,24.506334600428662,43.66822660327186
sizer,-0.08295691531686676,21.83411330163593,34.9691304744291
sizer,-0.08295691531686676,17.48456523721455,33.09610837008459
sizer,-0.08295691531686676,16.548054185042297,47.44663876650528
sizer,-0.08295691531686676,23.72331938325264,38.34741569437692
sizer,-0.08295691531686676,19.17370784718846,28.674523740884517
sizer,-0.08295691531686676,14.337261870442259,45.17266393322637
sizer,-0.08295691531686676,22.586331966613184,35.53907075446008
sizer,-0.08295691531686676,17.76953537723004,32.86951293636846
sizer,-0.08295691531686676,16.43475646818423,51.31224203212688
sizer,-0.08295691531686676,25.65612101606344,42.5142165151191
sizer,-0.08295691531686676,21.25710825755955,36.36475332151647
sizer,-0.08295691531686676,18.182376660758234,43.72049636755739
sizer,-0.08295691531686676,21.860248183778694,36.460610760843664
sizer,-0.08295691531686676,18.230305380421832,44.40816163812713
sizer,-0.08295691531686676,22.204080819063567,38.06253720046074
sizer,-0.08295691531686676,19.03126860023037,39.880661331335695
sizer,-0.08295691531686676,19.940330665667847,38.80715981498837
sizer,-0.08295691531686676,19.403579907494183,49.640540396331765
sizer,-0.08295691531686676,24.820270198165883,24.845090468364045
sizer,-0.08295691531686676,12.422545234182023,46.975962575280406
sizer,-0.08295691531686676,23.487981287640203,40.49993751822206
sizer,-0.08295691531686676,20.24996875911103,33.59841867903373
sizer,-0.08295691531686676,16.799209339516864,39.707158458712776
sizer,-0.08295691531686676,19.853579229356388,41.423036365231056
sizer,-0.08295691531686676,20.711518182615528,42.25861167504362
sizer,-0.08295691531686676,21.12930583752181,41.834338157956694
sizer,-0.08295691531686676,20.917169078978347,35.63621949486783
sizer,-0.08295691531686676,17.818109747433915,46.81216449682806
sizer,-0.08295691531686676,23.40608224841403,40.08088787577077
sizer,-0.08295691531686676,20.040443937885385,43.06357844049661
sizer,-0.08295691531686676,21.531789220248307,40.74969694843028
sizer,-0.08295691531686676,20.37484847421514,34.14223760097239
sizer,-0.08295691531686676,17.071118800486197,41.327751504875046
sizer,-0.08295691531686676,20.663875752437523,40.13476959652423
sizer,-0.08295691531686676,20.067384798262115,45.713665730396826
sizer,-0.08295691531686676,22.856832865198413,34.56898295413329
sizer,-0.08295691531686676,17.284491477066645,41.85785212416887
sizer,-0.08295691531686676,20.928926062084436,41.233056438636794
sizer,-0.08295691531686676,20.616528219318397,39.18366258792044
sizer,-0.08295691531686676,19.59183129396022,40.02229206288259
sizer,-0.08295691531686676,20.011146031441296,32.176071365317775
sizer,-0.08295691531686676,16.088035682658887,43.66072309072837
sizer,-0.08295691531686676,21.830361545364184,35.880566622840156
sizer,-0.08295691531686676,17.940283311420078,36.21812853398717
sizer,-0.08295691531686676,18.109064266993585,40.39712883437584
sizer,-0.08295691531686676,20.19856441718792,37.28205877857671
sizer,-0.08295691531686676,18.641029389288356,45.94983976308492
sizer,-0.08295691531686676,22.97491988154246,41.81644259005309
sizer,-0.08295691531686676,20.908221295026546,33.22128703474441
sizer,-0.08295691531686676,16.610643517372203,41.81746336062942
sizer,-0.08295691531686676,20.90873168031471,41.74712585571706
sizer,-0.08295691531686676,20.87356292785853,37.5496332222539
sizer,-0.08295691531686676,18.77481661112695,42.628117356759
sizer,-0.08295691531686676,21.3140586783795,40.162501030898675
sizer,-0.08295691531686676,20.081250515449337,34.46080654362514
sizer,-0.08295691531686676,17.23040327181257,33.44619467872553
sizer,-0.08295691531686676,16.723097339362766,31.97305028383247
sizer,-0.08295691531686676,15.986525141916236,33.66706380217745
sizer,-0.08295691531686676,16.833531901088726,47.897162560190495
sizer,-0.08295691531686676,23.948581280095247,33.35540353854608
sizer,-0.08295691531686676,16.67770176927304,39.79319998157895
sizer,-0.08295691531686676,19.896599990789475,40.84252897418299
sizer,-0.08295691531686676,20.421264487091495,40.61813106256199
sizer,-0.08295691531686676,20.309065531280996,45.43367739776892
sizer,-0.08295691531686676,22.71683869888446,32.29930644231299
sizer,-0.08295691531686676,16.149653221156495,35.291425170956884
sizer,-0.08295691531686676,17.645712585478442,40.880912583279354
sizer,-0.08295691531686676,20.440456291639677,38.1717901093395
sizer,-0.08295691531686676,19.08589505466975,41.76483623319254
sizer,-0.08295691531686676,20.88241811659627,35.57323539322028
sizer,-0.08295691531686676,17.78661769661014,36.29160638498898
sizer,-0.08295691531686676,18.14580319249449,36.61541935085965
sizer,-0.08295691531686676,18.307709675429827,42.36006549238303
sizer,-0.08295691531686676,21.180032746191515,41.478608233867234
sizer,-0.08295691531686676,20.739304116933617,45.27586918401017
sizer,-0.08295691531686676,22.637934592005085,35.24987845405558
sizer,-0.08295691531686676,17.62493922702779,44.784239342528295
sizer,-0.08295691531686676,22.392119671264147,34.29857222145554
sizer,-0.08295691531686676,17.14928611072777,40.53278553661897
sizer,-0.08295691531686676,20.266392768309483,49.40579740940081
sizer,-0.08295691531686676,24.702898704700406,43.53458529169671
sizer,-0.08295691531686676,21.767292645848354,32.50732815690342
sizer,-0.08295691531686676,16.25366407845171,40.95197445185591
sizer,-0.08295691531686676,20.475987225927955,41.31240242462674
sizer,-0.08295691531686676,20.65620121231337,31.478580603357788
sizer,-0.08295691531686676,15.739290301678894,40.26228784913499
sizer,-0.08295691531686676,20.131143924567496,40.05686086783431
sizer,-0.08295691531686676,20.028430433917155,38.87865062346624
sizer,-0.08295691531686676,19.43932531173312,33.315327449138195
sizer,-0.08295691531686676,16.657663724569097,40.99717749686658
sizer,-0.08295691531686676,20.49858874843329,43.25911442866763
sizer,-0.08295691531686676,21.629557214333815,44.337457397604524
sizer,-0.08295691531686676,22.168728698802262,32.790685165199875
sizer,-0.08295691531686676,16.395342582599937,46.462099766570745
sizer,-0.08295691531686676,23.231049883285372,46.06290870039527
sizer,-0.08295691531686676,23.031454350197635,38.1787558542314
sizer,-0.08295691531686676,19.0893779271157,41.61628556558381
sizer,-0.08295691531686676,20.808142782791904,28.75196444982467
sizer,-0.08295691531686676,14.375982224912335,37.37578422521836
sizer,-0.08295691531686676,18.68789211260918,37.582463696800325
sizer,-0.08295691531686676,18.791231848400162,42.04236258421055
sizer,-0.08295691531686676,21.021181292105275,41.46327811331125
sizer,-0.08295691531686676,20.731639056655624,36.90495993964597
sizer,-0.08295691531686676,18.452479969822985,37.97028585560393
sizer,-0.08295691531686676,18.985142927801967,39.97571078360595
sizer,-0.08295691531686676,19.987855391802974,48.524159403186374
sizer,-0.08295691531686676,24.262079701593187,38.05888107480671
sizer,-0.08295691531686676,19.029440537403357,37.64365542528415
sizer,-0.08295691531686676,18.821827712642076,35.6356354682781
sizer,-0.08295691531686676,17.81781773413905,39.17218184385107
sizer,-0.08295691531686676,19.586090921925535,37.19049081428477
sizer,-0.08295691531686676,18.595245407142386,50.361182496860444
sizer,-0.08295691531686676,25.180591248430222,36.5315250136562
sizer,-0.08295691531686676,18.2657625068281,42.026447257525284
sizer,-0.08295691531686676,21.013223628762642,49.59401608663847
sizer,-0.08295691531686676,24.797008043319234,52.28142150684186
sizer,-0.08295691531686676,26.14071075342093,38.73014879757282
sizer,-0.08295691531686676,19.36507439878641,46.61547112810829
sizer,-0.08295691531686676,23.307735564054145,42.20182863169669
sizer,-0.08295691531686676,21.100914315848346,39.921922682931395
sizer,-0.08295691531686676,19.960961341465698,39.87504093625115
sizer,-0.08295691531686676,19.937520468125577,45.372831668752305
sizer,-0.08295691531686676,22.686415834376152,47.45120094726232
sizer,-0.08295691531686676,23.72560047363116,36.137294753669174
sizer,-0.08295691531686676,18.068647376834587,40.524930777145045
sizer,-0.08295691531686676,20.262465388572522,44.310993046524786
sizer,-0.08295691531686676,22.155496523262393,37.775543439432255
sizer,-0.08295691531686676,18.887771719716127,35.01616453920077
sizer,-0.08295691531686676,17.508082269600386,42.47890790309406
sizer,-0.08295691531686676,21.23945395154703,45.237459595264795
sizer,-0.08295691531686676,22.618729797632398,48.666254145817774
sizer,-0.08295691531686676,24.333127072908887,40.35037969501343
sizer,-0.08295691531686676,20.175189847506715,46.09312062474372
sizer,-0.08295691531686676,23.04656031237186,35.61368738969478
sizer,-0.08295691531686676,17.80684369484739,50.97967243463116
sizer,-0.08295691531686676,25.48983621731558,39.61745830224018
sizer,-0.08295691531686676,19.80872915112009,43.65654457752514
sizer,-0.08295691531686676,21.82827228876257,33.40496639619512
sizer,-0.08295691531686676,16.70248319809756,37.648219021432176
sizer,-0.08295691531686676,18.824109510716088,45.76758928178157
sizer,-0.08295691531686676,22.883794640890784,40.49261942555571
sizer,-0.08295691531686676,20.246309712777855,42.45872120931943
sizer,-0.08295691531686676,21.229360604659714,42.090688162014544
sizer,-0.08295691531686676,21.045344081007272,51.20662941826363
sizer,-0.08295691531686676,25.603314709131816,36.86735468952065
sizer,-0.08295691531686676,18.433677344760326,37.74721502022555
sizer,-0.08295691531686676,18.873607510112777,41.49649899117544
sizer,-0.08295691531686676,20.74824949558772,37.471150344118385
sizer,-0.08295691531686676,18.735575172059193,37.21209638587432
sizer,-0.08295691531686676,18.60604819293716,39.314035947223175
sizer,-0.08295691531686676,19.657017973611588,42.044911434440635
sizer,-0.08295691531686676,21.022455717220318,41.99984035500527
sizer,-0.08295691531686676,20.999920177502634,41.54621949598326
sizer,-0.08295691531686676,20.77310974799163,42.03098187856706
sizer,-0.08295691531686676,21.01549093928353,33.53906619005776
sizer,-0.08295691531686676,16.76953309502888,37.68176209441216
sizer,-0.08295691531686676,18.84088104720608,46.8293915851861
sizer,-0.08295691531686676,23.41469579259305,44.3060413508713
sizer,-0.08295691531686676,22.15302067543565,34.65099784023957
sizer,-0.08295691531686676,17.325498920119784,42.97134191809956
sizer,-0.08295691531686676,21.48567095904978,36.1360012730313
sizer,-0.08295691531686676,18.06800063651565,42.155303355253196
sizer,-0.08295691531686676,21.077651677626598,36.69744259140509
sizer,-0.08295691531686676,18.348721295702546,38.76329215882553
sizer,-0.08295691531686676,19.381646079412764,42.96665887043762
sizer,-0.08295691531686676,21.48332943521881,42.85640441600721
sizer,-0.08295691531686676,21.428202208003604,42.11608468229885
sizer,-0.08295691531686676,21.058042341149424,49.48348072338281
sizer,-0.08295691531686676,24.741740361691406,44.476750326597454
sizer,-0.08295691531686676,22.238375163298727,44.65370972459604
sizer,-0.08295691531686676,22.32685486229802,45.91700794510737
sizer,-0.08295691531686676,22.958503972553686,46.59056055948736
sizer,-0.08295691531686676,23.29528027974368,41.26522471634851
sizer,-0.08295691531686676,20.632612358174256,45.472887768843904
sizer,-0.08295691531686676,22.736443884421952,37.44381136685334
sizer,-0.08295691531686676,18.72190568342667,31.512417580797898
sizer,-0.08295691531686676,15.756208790398949,47.15548549420504
sizer,-0.08295691531686676,23.57774274710252,39.33972327791198
sizer,-0.08295691531686676,19.66986163895599,38.38770196122469
sizer,-0.08295691531686676,19.193850980612346,39.059613224906144
sizer,-0.08295691531686676,19.529806612453072,38.462916196942004
sizer,-0.08295691531686676,19.231458098471002,30.779187486905734
sizer,-0.08295691531686676,15.389593743452867,35.14179954649566
sizer,-0.08295691531686676,17.57089977324783,32.61443607630311
sizer,-0.08295691531686676,16.307218038151554,33.29378896034032
sizer,-0.08295691531686676,16.64689448017016,42.88448832424402
sizer,-0.08295691531686676,21.44224416212201,41.55006814348316
sizer,-0.08295691531686676,20.77503407174158,31.3323168167813
sizer,-0.08295691531686676,15.66615840839065,40.30470940518725
sizer,-0.08295691531686676,20.152354702593627,43.83086486173945
sizer,-0.08295691531686676,21.915432430869725,36.62867286114156
sizer,-0.08295691531686676,18.31433643057078,35.635410411820004
sizer,-0.08295691531686676,17.817705205910002,41.09846176893117
sizer,-0.08295691531686676,20.549230884465587,34.9450509945641
sizer,-0.08295691531686676,17.47252549728205,31.446083289437627
sizer,-0.08295691531686676,15.723041644718814,37.7463766719499
sizer,-0.08295691531686676,18.87318833597495,38.106851808491314
sizer,-0.08295691531686676,19.053425904245657,32.16171616219155
sizer,-0.08295691531686676,16.080858081095776,32.20983437050913
sizer,-0.08295691531686676,16.104917185254564,46.42088464893853
sizer,-0.08295691531686676,23.210442324469266,36.555651224008315
sizer,-0.08295691531686676,18.277825612004158,45.39099951364659
sizer,-0.08295691531686676,22.695499756823295,43.13835961450165
sizer,-0.08295691531686676,21.569179807250826,43.80593004770859
sizer,-0.08295691531686676,21.902965023854296,36.14637867287199
sizer,-0.08295691531686676,18.073189336435995,39.785407585025496
sizer,-0.08295691531686676,19.892703792512748,40.60130538581734
