alpha,f,slope,logratio
0.000,0.300,0.0651,-0.5335
0.050,0.300,0.1199,-0.5269
0.100,0.300,0.1747,-0.5203
0.150,0.300,0.2296,-0.5135
0.200,0.300,0.2846,-0.5066
0.250,0.300,0.3395,-0.4996
0.300,0.300,0.3946,-0.4925
0.350,0.300,0.4497,-0.4852
0.400,0.300,0.5048,-0.4778
0.450,0.300,0.5600,-0.4703
0.500,0.300,0.6152,-0.4627
0.550,0.300,0.6704,-0.4549
0.600,0.300,0.7256,-0.4470
0.650,0.300,0.7809,-0.4390
0.700,0.300,0.8361,-0.4308
0.750,0.300,0.8914,-0.4224
0.800,0.300,0.9466,-0.4139
0.850,0.300,1.0017,-0.4052
0.900,0.300,1.0568,-0.3963
0.950,0.300,1.1118,-0.3873
1.000,0.300,1.1666,-0.3781
1.050,0.300,1.2213,-0.3686
1.100,0.300,1.2758,-0.3590
1.150,0.300,1.3300,-0.3492
1.200,0.300,1.3839,-0.3391
1.250,0.300,1.4374,-0.3288
1.300,0.300,1.4905,-0.3183
1.350,0.300,1.5430,-0.3075
1.400,0.300,1.5949,-0.2964
1.450,0.300,1.6461,-0.2851
1.500,0.300,1.6964,-0.2735
1.550,0.300,1.7457,-0.2616
1.600,0.300,1.7938,-0.2493
1.650,0.300,1.8407,-0.2367
1.700,0.300,1.8860,-0.2237
1.750,0.300,1.9297,-0.2104
1.800,0.300,1.9715,-0.1966
1.850,0.300,2.0112,-0.1824
1.900,0.300,2.0487,-0.1678
1.950,0.300,2.0838,-0.1526
2.000,0.300,2.1164,-0.1369
2.050,0.300,2.1468,-0.1206
2.100,0.300,2.1749,-0.1037
2.150,0.300,2.2012,-0.0861
2.200,0.300,2.2262,-0.0678
0.000,0.310,0.0658,-0.5193
0.050,0.310,0.1207,-0.5125
0.100,0.310,0.1756,-0.5056
0.150,0.310,0.2306,-0.4986
0.200,0.310,0.2856,-0.4914
0.250,0.310,0.3407,-0.4842
0.300,0.310,0.3958,-0.4768
0.350,0.310,0.4510,-0.4693
0.400,0.310,0.5062,-0.4616
0.450,0.310,0.5614,-0.4538
0.500,0.310,0.6167,-0.4459
0.550,0.310,0.6720,-0.4378
0.600,0.310,0.7273,-0.4296
0.650,0.310,0.7826,-0.4212
0.700,0.310,0.8378,-0.4127
0.750,0.310,0.8931,-0.4039
0.800,0.310,0.9482,-0.3950
0.850,0.310,1.0033,-0.3860
0.900,0.310,1.0582,-0.3767
0.950,0.310,1.1130,-0.3672
1.000,0.310,1.1676,-0.3576
1.050,0.310,1.2220,-0.3477
1.100,0.310,1.2761,-0.3376
1.150,0.310,1.3298,-0.3272
1.200,0.310,1.3830,-0.3167
1.250,0.310,1.4358,-0.3058
1.300,0.310,1.4879,-0.2947
1.350,0.310,1.5393,-0.2833
1.400,0.310,1.5899,-0.2716
1.450,0.310,1.6394,-0.2596
1.500,0.310,1.6879,-0.2473
1.550,0.310,1.7350,-0.2346
1.600,0.310,1.7806,-0.2216
1.650,0.310,1.8246,-0.2082
1.700,0.310,1.8666,-0.1943
1.750,0.310,1.9066,-0.1800
1.800,0.310,1.9444,-0.1653
1.850,0.310,1.9798,-0.1500
1.900,0.310,2.0129,-0.1342
1.950,0.310,2.0435,-0.1178
2.000,0.310,2.0721,-0.1008
2.050,0.310,2.0988,-0.0831
2.100,0.310,2.1243,-0.0646
2.150,0.310,2.1494,-0.0454
2.200,0.310,2.1750,-0.0252
0.000,0.320,0.0665,-0.5055
0.050,0.320,0.1214,-0.4985
0.100,0.320,0.1764,-0.4913
0.150,0.320,0.2315,-0.4841
0.200,0.320,0.2866,-0.4767
0.250,0.320,0.3418,-0.4692
0.300,0.320,0.3970,-0.4615
0.350,0.320,0.4522,-0.4538
0.400,0.320,0.5075,-0.4458
0.450,0.320,0.5628,-0.4377
0.500,0.320,0.6181,-0.4295
0.550,0.320,0.6735,-0.4211
0.600,0.320,0.7288,-0.4126
0.650,0.320,0.7841,-0.4038
0.700,0.320,0.8393,-0.3949
0.750,0.320,0.8945,-0.3859
0.800,0.320,0.9496,-0.3766
0.850,0.320,1.0045,-0.3671
0.900,0.320,1.0592,-0.3574
0.950,0.320,1.1138,-0.3475
1.000,0.320,1.1680,-0.3374
1.050,0.320,1.2219,-0.3271
1.100,0.320,1.2755,-0.3165
1.150,0.320,1.3285,-0.3056
1.200,0.320,1.3809,-0.2945
1.250,0.320,1.4326,-0.2831
1.300,0.320,1.4835,-0.2714
1.350,0.320,1.5335,-0.2594
1.400,0.320,1.5823,-0.2470
1.450,0.320,1.6299,-0.2343
1.500,0.320,1.6760,-0.2213
1.550,0.320,1.7204,-0.2078
1.600,0.320,1.7630,-0.1939
1.650,0.320,1.8036,-0.1796
1.700,0.320,1.8420,-0.1649
1.750,0.320,1.8780,-0.1496
1.800,0.320,1.9116,-0.1337
1.850,0.320,1.9430,-0.1173
1.900,0.320,1.9721,-0.1002
1.950,0.320,1.9995,-0.0825
2.000,0.320,2.0257,-0.0640
2.050,0.320,2.0514,-0.0447
2.100,0.320,2.0774,-0.0245
2.150,0.320,2.1050,-0.0033
2.200,0.320,2.1350,0.0190
0.000,0.330,0.0672,-0.4921
0.050,0.330,0.1222,-0.4849
0.100,0.330,0.1773,-0.4775
0.150,0.330,0.2324,-0.4700
0.200,0.330,0.2876,-0.4624
0.250,0.330,0.3428,-0.4546
0.300,0.330,0.3981,-0.4467
0.350,0.330,0.4534,-0.4387
0.400,0.330,0.5088,-0.4305
0.450,0.330,0.5641,-0.4221
0.500,0.330,0.6195,-0.4135
0.550,0.330,0.6749,-0.4048
0.600,0.330,0.7302,-0.3960
0.650,0.330,0.7854,-0.3869
0.700,0.330,0.8406,-0.3776
0.750,0.330,0.8957,-0.3682
0.800,0.330,0.9506,-0.3585
0.850,0.330,1.0053,-0.3486
0.900,0.330,1.0598,-0.3385
0.950,0.330,1.1139,-0.3282
1.000,0.330,1.1677,-0.3176
1.050,0.330,1.2210,-0.3068
1.100,0.330,1.2738,-0.2957
1.150,0.330,1.3259,-0.2843
1.200,0.330,1.3772,-0.2726
1.250,0.330,1.4277,-0.2606
1.300,0.330,1.4771,-0.2483
1.350,0.330,1.5252,-0.2356
1.400,0.330,1.5719,-0.2226
1.450,0.330,1.6171,-0.2091
1.500,0.330,1.6604,-0.1953
1.550,0.330,1.7018,-0.1810
1.600,0.330,1.7409,-0.1663
1.650,0.330,1.7778,-0.1510
1.700,0.330,1.8124,-0.1352
1.750,0.330,1.8446,-0.1188
1.800,0.330,1.8747,-0.1018
1.850,0.330,1.9029,-0.0842
1.900,0.330,1.9297,-0.0657
1.950,0.330,1.9560,-0.0465
2.000,0.330,1.9824,-0.0264
2.050,0.330,2.0102,-0.0053
2.100,0.330,2.0401,0.0169
2.150,0.330,2.0732,0.0403
2.200,0.330,2.1102,0.0650
0.000,0.340,0.0678,-0.4791
0.050,0.340,0.1229,-0.4717
0.100,0.340,0.1781,-0.4641
0.150,0.340,0.2333,-0.4564
0.200,0.340,0.2886,-0.4485
0.250,0.340,0.3439,-0.4405
0.300,0.340,0.3992,-0.4323
0.350,0.340,0.4546,-0.4240
0.400,0.340,0.5100,-0.4155
0.450,0.340,0.5654,-0.4068
0.500,0.340,0.6208,-0.3980
0.550,0.340,0.6761,-0.3889
0.600,0.340,0.7314,-0.3797
0.650,0.340,0.7866,-0.3703
0.700,0.340,0.8416,-0.3607
0.750,0.340,0.8965,-0.3508
0.800,0.340,0.9512,-0.3408
0.850,0.340,1.0056,-0.3305
0.900,0.340,1.0597,-0.3200
0.950,0.340,1.1133,-0.3092
1.000,0.340,1.1665,-0.2981
1.050,0.340,1.2190,-0.2868
1.100,0.340,1.2709,-0.2752
1.150,0.340,1.3219,-0.2632
1.200,0.340,1.3718,-0.2509
1.250,0.340,1.4207,-0.2383
1.300,0.340,1.4682,-0.2254
1.350,0.340,1.5141,-0.2120
1.400,0.340,1.5584,-0.1982
1.450,0.340,1.6007,-0.1840
1.500,0.340,1.6410,-0.1694
1.550,0.340,1.6790,-0.1542
1.600,0.340,1.7146,-0.1385
1.650,0.340,1.7480,-0.1223
1.700,0.340,1.7791,-0.1054
1.750,0.340,1.8083,-0.0878
1.800,0.340,1.8360,-0.0695
1.850,0.340,1.8628,-0.0505
1.900,0.340,1.8897,-0.0305
1.950,0.340,1.9174,-0.0097
2.000,0.340,1.9471,0.0123
2.050,0.340,1.9796,0.0354
2.100,0.340,2.0157,0.0598
2.150,0.340,2.0560,0.0858
2.200,0.340,2.1007,0.1134
0.000,0.350,0.0684,-0.4666
0.050,0.350,0.1236,-0.4589
0.100,0.350,0.1789,-0.4511
0.150,0.350,0.2342,-0.4431
0.200,0.350,0.2895,-0.4350
0.250,0.350,0.3449,-0.4267
0.300,0.350,0.4003,-0.4183
0.350,0.350,0.4557,-0.4096
0.400,0.350,0.5111,-0.4009
0.450,0.350,0.5665,-0.3919
0.500,0.350,0.6219,-0.3827
0.550,0.350,0.6772,-0.3734
0.600,0.350,0.7324,-0.3638
0.650,0.350,0.7874,-0.3541
0.700,0.350,0.8423,-0.3441
0.750,0.350,0.8970,-0.3338
0.800,0.350,0.9513,-0.3234
0.850,0.350,1.0053,-0.3127
0.900,0.350,1.0589,-0.3017
0.950,0.350,1.1119,-0.2904
1.000,0.350,1.1643,-0.2789
1.050,0.350,1.2159,-0.2670
1.100,0.350,1.2665,-0.2549
1.150,0.350,1.3161,-0.2424
1.200,0.350,1.3645,-0.2295
1.250,0.350,1.4114,-0.2163
1.300,0.350,1.4567,-0.2026
1.350,0.350,1.5001,-0.1885
1.400,0.350,1.5416,-0.1740
1.450,0.350,1.5809,-0.1590
1.500,0.350,1.6179,-0.1434
1.550,0.350,1.6525,-0.1273
1.600,0.350,1.6850,-0.1106
1.650,0.350,1.7153,-0.0933
1.700,0.350,1.7440,-0.0752
1.750,0.350,1.7716,-0.0564
1.800,0.350,1.7989,-0.0367
1.850,0.350,1.8266,-0.0162
1.900,0.350,1.8559,0.0055
1.950,0.350,1.8876,0.0282
2.000,0.350,1.9226,0.0522
2.050,0.350,1.9614,0.0776
2.100,0.350,2.0045,0.1047
2.150,0.350,2.0518,0.1336
2.200,0.350,2.1031,0.1647
0.000,0.360,0.0691,-0.4543
0.050,0.360,0.1243,-0.4464
0.100,0.360,0.1796,-0.4384
0.150,0.360,0.2350,-0.4302
0.200,0.360,0.2904,-0.4218
0.250,0.360,0.3458,-0.4133
0.300,0.360,0.4013,-0.4046
0.350,0.360,0.4567,-0.3957
0.400,0.360,0.5121,-0.3866
0.450,0.360,0.5675,-0.3773
0.500,0.360,0.6228,-0.3679
0.550,0.360,0.6781,-0.3582
0.600,0.360,0.7331,-0.3483
0.650,0.360,0.7880,-0.3381
0.700,0.360,0.8427,-0.3278
0.750,0.360,0.8970,-0.3172
0.800,0.360,0.9509,-0.3063
0.850,0.360,1.0044,-0.2951
0.900,0.360,1.0573,-0.2837
0.950,0.360,1.1095,-0.2720
1.000,0.360,1.1609,-0.2599
1.050,0.360,1.2113,-0.2475
1.100,0.360,1.2606,-0.2348
1.150,0.360,1.3085,-0.2217
1.200,0.360,1.3549,-0.2082
1.250,0.360,1.3996,-0.1943
1.300,0.360,1.4424,-0.1800
1.350,0.360,1.4832,-0.1651
1.400,0.360,1.5217,-0.1498
1.450,0.360,1.5579,-0.1339
1.500,0.360,1.5918,-0.1174
1.550,0.360,1.6235,-0.1003
1.600,0.360,1.6534,-0.0826
1.650,0.360,1.6820,-0.0641
1.700,0.360,1.7098,-0.0447
1.750,0.360,1.7376,-0.0245
1.800,0.360,1.7665,-0.0033
1.850,0.360,1.7974,0.0190
1.900,0.360,1.8310,0.0424
1.950,0.360,1.8682,0.0673
2.000,0.360,1.9094,0.0936
2.050,0.360,1.9548,0.1218
2.100,0.360,2.0041,0.1519
2.150,0.360,2.0572,0.1844
2.200,0.360,2.1132,0.2197
0.000,0.370,0.0697,-0.4424
0.050,0.370,0.1250,-0.4343
0.100,0.370,0.1804,-0.4260
0.150,0.370,0.2358,-0.4176
0.200,0.370,0.2912,-0.4090
0.250,0.370,0.3467,-0.4002
0.300,0.370,0.4022,-0.3912
0.350,0.370,0.4576,-0.3820
0.400,0.370,0.5130,-0.3727
0.450,0.370,0.5684,-0.3631
0.500,0.370,0.6236,-0.3533
0.550,0.370,0.6787,-0.3433
0.600,0.370,0.7336,-0.3330
0.650,0.370,0.7883,-0.3225
0.700,0.370,0.8426,-0.3118
0.750,0.370,0.8965,-0.3008
0.800,0.370,0.9499,-0.2895
0.850,0.370,1.0027,-0.2779
0.900,0.370,1.0548,-0.2660
0.950,0.370,1.1060,-0.2538
1.000,0.370,1.1562,-0.2412
1.050,0.370,1.2052,-0.2283
1.100,0.370,1.2528,-0.2150
1.150,0.370,1.2989,-0.2012
1.200,0.370,1.3431,-0.1871
1.250,0.370,1.3854,-0.1725
1.300,0.370,1.4255,-0.1574
1.350,0.370,1.4634,-0.1418
1.400,0.370,1.4990,-0.1256
1.450,0.370,1.5324,-0.1088
1.500,0.370,1.5637,-0.0913
1.550,0.370,1.5934,-0.0732
1.600,0.370,1.6220,-0.0542
1.650,0.370,1.6502,-0.0345
1.700,0.370,1.6788,-0.0138
1.750,0.370,1.7089,0.0080
1.800,0.370,1.7412,0.0309
1.850,0.370,1.7766,0.0550
1.900,0.370,1.8158,0.0806
1.950,0.370,1.8589,0.1078
2.000,0.370,1.9061,0.1369
2.050,0.370,1.9570,0.1682
2.100,0.370,2.0113,0.2020
2.150,0.370,2.0683,0.2388
2.200,0.370,2.1273,0.2793
0.000,0.380,0.0703,-0.4308
0.050,0.380,0.1256,-0.4225
0.100,0.380,0.1811,-0.4140
0.150,0.380,0.2365,-0.4053
0.200,0.380,0.2920,-0.3964
0.250,0.380,0.3475,-0.3874
0.300,0.380,0.4030,-0.3781
0.350,0.380,0.4584,-0.3687
0.400,0.380,0.5138,-0.3590
0.450,0.380,0.5691,-0.3491
0.500,0.380,0.6242,-0.3390
0.550,0.380,0.6791,-0.3287
0.600,0.380,0.7338,-0.3181
0.650,0.380,0.7881,-0.3072
0.700,0.380,0.8420,-0.2961
0.750,0.380,0.8954,-0.2846
0.800,0.380,0.9482,-0.2729
0.850,0.380,1.0002,-0.2609
0.900,0.380,1.0513,-0.2485
0.950,0.380,1.1014,-0.2358
1.000,0.380,1.1502,-0.2227
1.050,0.380,1.1975,-0.2092
1.100,0.380,1.2433,-0.1953
1.150,0.380,1.2872,-0.1809
1.200,0.380,1.3290,-0.1661
1.250,0.380,1.3688,-0.1508
1.300,0.380,1.4062,-0.1349
1.350,0.380,1.4414,-0.1184
1.400,0.380,1.4744,-0.1014
1.450,0.380,1.5055,-0.0836
1.500,0.380,1.5352,-0.0651
1.550,0.380,1.5640,-0.0458
1.600,0.380,1.5927,-0.0256
1.650,0.380,1.6221,-0.0045
1.700,0.380,1.6533,0.0178
1.750,0.380,1.6870,0.0412
1.800,0.380,1.7240,0.0659
1.850,0.380,1.7647,0.0922
1.900,0.380,1.8093,0.1202
1.950,0.380,1.8579,0.1501
2.000,0.380,1.9100,0.1824
2.050,0.380,1.9653,0.2174
2.100,0.380,2.0229,0.2557
2.150,0.380,2.0822,0.2979
2.200,0.380,2.1422,0.3450
0.000,0.390,0.0708,-0.4196
0.050,0.390,0.1263,-0.4110
0.100,0.390,0.1817,-0.4023
0.150,0.390,0.2372,-0.3933
0.200,0.390,0.2928,-0.3842
0.250,0.390,0.3483,-0.3749
0.300,0.390,0.4037,-0.3654
0.350,0.390,0.4591,-0.3556
0.400,0.390,0.5144,-0.3457
0.450,0.390,0.5696,-0.3355
0.500,0.390,0.6245,-0.3250
0.550,0.390,0.6792,-0.3143
0.600,0.390,0.7336,-0.3034
0.650,0.390,0.7875,-0.2921
0.700,0.390,0.8409,-0.2806
0.750,0.390,0.8937,-0.2688
0.800,0.390,0.9457,-0.2566
0.850,0.390,0.9968,-0.2441
0.900,0.390,1.0467,-0.2312
0.950,0.390,1.0954,-0.2180
1.000,0.390,1.1426,-0.2043
1.050,0.390,1.1882,-0.1903
1.100,0.390,1.2318,-0.1757
1.150,0.390,1.2734,-0.1607
1.200,0.390,1.3129,-0.1452
1.250,0.390,1.3500,-0.1291
1.300,0.390,1.3850,-0.1124
1.350,0.390,1.4178,-0.0951
1.400,0.390,1.4489,-0.0771
1.450,0.390,1.4786,-0.0583
1.500,0.390,1.5078,-0.0386
1.550,0.390,1.5370,-0.0181
1.600,0.390,1.5673,0.0034
1.650,0.390,1.5994,0.0260
1.700,0.390,1.6343,0.0499
1.750,0.390,1.6725,0.0752
1.800,0.390,1.7145,0.1020
1.850,0.390,1.7603,0.1307
1.900,0.390,1.8099,0.1614
1.950,0.390,1.8630,0.1946
2.000,0.390,1.9188,0.2306
2.050,0.390,1.9769,0.2701
2.100,0.390,2.0363,0.3139
2.150,0.390,2.0963,0.3629
2.200,0.390,2.1560,0.4186
0.000,0.400,0.0714,-0.4086
0.050,0.400,0.1268,-0.3998
0.100,0.400,0.1824,-0.3908
0.150,0.400,0.2379,-0.3816
0.200,0.400,0.2934,-0.3723
0.250,0.400,0.3489,-0.3627
0.300,0.400,0.4044,-0.3529
0.350,0.400,0.4597,-0.3429
0.400,0.400,0.5149,-0.3326
0.450,0.400,0.5699,-0.3221
0.500,0.400,0.6246,-0.3113
0.550,0.400,0.6790,-0.3003
0.600,0.400,0.7330,-0.2890
0.650,0.400,0.7865,-0.2773
0.700,0.400,0.8393,-0.2654
0.750,0.400,0.8913,-0.2531
0.800,0.400,0.9423,-0.2405
0.850,0.400,0.9923,-0.2275
0.900,0.400,1.0409,-0.2142
0.950,0.400,1.0881,-0.2004
1.000,0.400,1.1335,-0.1862
1.050,0.400,1.1771,-0.1715
1.100,0.400,1.2186,-0.1563
1.150,0.400,1.2578,-0.1406
1.200,0.400,1.2949,-0.1244
1.250,0.400,1.3297,-0.1075
1.300,0.400,1.3625,-0.0899
1.350,0.400,1.3937,-0.0717
1.400,0.400,1.4236,-0.0526
1.450,0.400,1.4531,-0.0328
1.500,0.400,1.4829,-0.0119
1.550,0.400,1.5139,0.0099
1.600,0.400,1.5469,0.0329
1.650,0.400,1.5827,0.0572
1.700,0.400,1.6220,0.0829
1.750,0.400,1.6649,0.1102
1.800,0.400,1.7116,0.1394
1.850,0.400,1.7620,0.1708
1.900,0.400,1.8156,0.2047
1.950,0.400,1.8719,0.2416
2.000,0.400,1.9301,0.2822
2.050,0.400,1.9896,0.3272
2.100,0.400,2.0496,0.3779
2.150,0.400,2.1090,0.4358
2.200,0.400,2.1673,0.5032
0.000,0.410,0.0719,-0.3978
0.050,0.410,0.1274,-0.3888
0.100,0.410,0.1829,-0.3796
0.150,0.410,0.2385,-0.3702
0.200,0.410,0.2940,-0.3606
0.250,0.410,0.3495,-0.3508
0.300,0.410,0.4049,-0.3407
0.350,0.410,0.4601,-0.3304
0.400,0.410,0.5152,-0.3198
0.450,0.410,0.5700,-0.3090
0.500,0.410,0.6244,-0.2979
0.550,0.410,0.6785,-0.2865
0.600,0.410,0.7320,-0.2748
0.650,0.410,0.7849,-0.2628
0.700,0.410,0.8369,-0.2504
0.750,0.410,0.8881,-0.2377
0.800,0.410,0.9381,-0.2246
0.850,0.410,0.9867,-0.2112
0.900,0.410,1.0339,-0.1973
0.950,0.410,1.0794,-0.1830
1.000,0.410,1.1229,-0.1682
1.050,0.410,1.1644,-0.1529
1.100,0.410,1.2036,-0.1370
1.150,0.410,1.2407,-0.1206
1.200,0.410,1.2756,-0.1036
1.250,0.410,1.3085,-0.0859
1.300,0.410,1.3398,-0.0674
1.350,0.410,1.3700,-0.0482
1.400,0.410,1.3999,-0.0281
1.450,0.410,1.4302,-0.0070
1.500,0.410,1.4618,0.0151
1.550,0.410,1.4955,0.0383
1.600,0.410,1.5321,0.0629
1.650,0.410,1.5721,0.0890
1.700,0.410,1.6157,0.1167
1.750,0.410,1.6631,0.1464
1.800,0.410,1.7139,0.1783
1.850,0.410,1.7679,0.2128
1.900,0.410,1.8244,0.2504
1.950,0.410,1.8828,0.2918
2.000,0.410,1.9423,0.3380
2.050,0.410,2.0021,0.3900
2.100,0.410,2.0614,0.4496
2.150,0.410,2.1194,0.5194
2.200,0.410,2.1754,0.6033
0.000,0.420,0.0723,-0.3874
0.050,0.420,0.1279,-0.3781
0.100,0.420,0.1835,-0.3687
0.150,0.420,0.2390,-0.3591
0.200,0.420,0.2945,-0.3492
0.250,0.420,0.3500,-0.3391
0.300,0.420,0.4052,-0.3287
0.350,0.420,0.4604,-0.3181
0.400,0.420,0.5152,-0.3072
0.450,0.420,0.5698,-0.2961
0.500,0.420,0.6239,-0.2846
0.550,0.420,0.6775,-0.2729
0.600,0.420,0.7305,-0.2608
0.650,0.420,0.7827,-0.2484
0.700,0.420,0.8339,-0.2357
0.750,0.420,0.8840,-0.2225
0.800,0.420,0.9328,-0.2090
0.850,0.420,0.9801,-0.1950
0.900,0.420,1.0257,-0.1806
0.950,0.420,1.0693,-0.1657
1.000,0.420,1.1109,-0.1503
1.050,0.420,1.1502,-0.1344
1.100,0.420,1.1874,-0.1178
1.150,0.420,1.2224,-0.1007
1.200,0.420,1.2555,-0.0828
1.250,0.420,1.2871,-0.0643
1.300,0.420,1.3176,-0.0449
1.350,0.420,1.3479,-0.0246
1.400,0.420,1.3787,-0.0034
1.450,0.420,1.4108,0.0189
1.500,0.420,1.4451,0.0424
1.550,0.420,1.4822,0.0673
1.600,0.420,1.5227,0.0936
1.650,0.420,1.5668,0.1216
1.700,0.420,1.6146,0.1516
1.750,0.420,1.6657,0.1839
1.800,0.420,1.7199,0.2189
1.850,0.420,1.7765,0.2570
1.900,0.420,1.8349,0.2991
1.950,0.420,1.8943,0.3460
2.000,0.420,1.9540,0.3991
2.050,0.420,2.0132,0.4601
2.100,0.420,2.0709,0.5317
2.150,0.420,2.1267,0.6183
2.200,0.420,2.1804,0.7270
0.000,0.430,0.0728,-0.3772
0.050,0.430,0.1284,-0.3677
0.100,0.430,0.1839,-0.3580
0.150,0.430,0.2395,-0.3481
0.200,0.430,0.2950,-0.3380
0.250,0.430,0.3503,-0.3276
0.300,0.430,0.4055,-0.3170
0.350,0.430,0.4604,-0.3061
0.400,0.430,0.5151,-0.2949
0.450,0.430,0.5693,-0.2834
0.500,0.430,0.6230,-0.2717
0.550,0.430,0.6761,-0.2596
0.600,0.430,0.7285,-0.2471
0.650,0.430,0.7799,-0.2343
0.700,0.430,0.8301,-0.2211
0.750,0.430,0.8791,-0.2075
0.800,0.430,0.9266,-0.1935
0.850,0.430,0.9723,-0.1790
0.900,0.430,1.0162,-0.1641
0.950,0.430,1.0580,-0.1486
1.000,0.430,1.0976,-0.1326
1.050,0.430,1.1349,-0.1160
1.100,0.430,1.1702,-0.0987
1.150,0.430,1.2036,-0.0808
1.200,0.430,1.2354,-0.0621
1.250,0.430,1.2663,-0.0426
1.300,0.430,1.2970,-0.0222
1.350,0.430,1.3282,-0.0008
1.400,0.430,1.3607,0.0216
1.450,0.430,1.3954,0.0452
1.500,0.430,1.4329,0.0702
1.550,0.430,1.4737,0.0968
1.600,0.430,1.5181,0.1250
1.650,0.430,1.5660,0.1552
1.700,0.430,1.6173,0.1878
1.750,0.430,1.6715,0.2230
1.800,0.430,1.7280,0.2616
1.850,0.430,1.7864,0.3041
1.900,0.430,1.8458,0.3516
1.950,0.430,1.9054,0.4053
2.000,0.430,1.9644,0.4672
2.050,0.430,2.0221,0.5401
2.100,0.430,2.0777,0.6285
2.150,0.430,2.1312,0.7402
2.200,0.430,2.1836,0.8910
0.000,0.440,0.0732,-0.3672
0.050,0.440,0.1288,-0.3575
0.100,0.440,0.1844,-0.3476
0.150,0.440,0.2399,-0.3375
0.200,0.440,0.2953,-0.3271
0.250,0.440,0.3505,-0.3164
0.300,0.440,0.4056,-0.3055
0.350,0.440,0.4603,-0.2943
0.400,0.440,0.5147,-0.2828
0.450,0.440,0.5685,-0.2710
0.500,0.440,0.6218,-0.2589
0.550,0.440,0.6743,-0.2464
0.600,0.440,0.7259,-0.2336
0.650,0.440,0.7764,-0.2204
0.700,0.440,0.8256,-0.2067
0.750,0.440,0.8733,-0.1927
0.800,0.440,0.9194,-0.1782
0.850,0.440,0.9635,-0.1632
0.900,0.440,1.0056,-0.1477
0.950,0.440,1.0455,-0.1316
1.000,0.440,1.0832,-0.1149
1.050,0.440,1.1188,-0.0976
1.100,0.440,1.1526,-0.0796
1.150,0.440,1.1848,-0.0609
1.200,0.440,1.2161,-0.0413
1.250,0.440,1.2470,-0.0209
1.300,0.440,1.2786,0.0006
1.350,0.440,1.3114,0.0231
1.400,0.440,1.3464,0.0468
1.450,0.440,1.3841,0.0719
1.500,0.440,1.4251,0.0986
1.550,0.440,1.4695,0.1269
1.600,0.440,1.5174,0.1573
1.650,0.440,1.5686,0.1900
1.700,0.440,1.6227,0.2254
1.750,0.440,1.6792,0.2641
1.800,0.440,1.7374,0.3069
1.850,0.440,1.7967,0.3546
1.900,0.440,1.8562,0.4086
1.950,0.440,1.9152,0.4710
2.000,0.440,1.9728,0.5445
2.050,0.440,2.0284,0.6339
2.100,0.440,2.0818,0.7472
2.150,0.440,2.1341,0.9010
2.200,0.440,2.1874,1.1398
0.000,0.450,0.0736,-0.3574
0.050,0.450,0.1292,-0.3475
0.100,0.450,0.1847,-0.3374
0.150,0.450,0.2402,-0.3270
0.200,0.450,0.2955,-0.3164
0.250,0.450,0.3506,-0.3054
0.300,0.450,0.4055,-0.2942
0.350,0.450,0.4600,-0.2828
0.400,0.450,0.5140,-0.2709
0.450,0.450,0.5674,-0.2588
0.500,0.450,0.6201,-0.2463
0.550,0.450,0.6720,-0.2335
0.600,0.450,0.7227,-0.2203
0.650,0.450,0.7723,-0.2066
0.700,0.450,0.8203,-0.1926
0.750,0.450,0.8667,-0.1780
0.800,0.450,0.9112,-0.1630
0.850,0.450,0.9537,-0.1475
0.900,0.450,0.9940,-0.1314
0.950,0.450,1.0322,-0.1147
1.000,0.450,1.0682,-0.0974
1.050,0.450,1.1023,-0.0794
1.100,0.450,1.1350,-0.0606
1.150,0.450,1.1666,-0.0410
1.200,0.450,1.1980,-0.0205
1.250,0.450,1.2298,0.0009
1.300,0.450,1.2628,0.0235
1.350,0.450,1.2979,0.0473
1.400,0.450,1.3357,0.0724
1.450,0.450,1.3767,0.0991
1.500,0.450,1.4210,0.1274
1.550,0.450,1.4688,0.1578
1.600,0.450,1.5198,0.1906
1.650,0.450,1.5737,0.2260
1.700,0.450,1.6299,0.2648
1.750,0.450,1.6880,0.3075
1.800,0.450,1.7471,0.3552
1.850,0.450,1.8066,0.4093
1.900,0.450,1.8655,0.4717
1.950,0.450,1.9232,0.5453
2.000,0.450,1.9789,0.6347
2.050,0.450,2.0323,0.7483
2.100,0.450,2.0845,0.9025
2.150,0.450,2.1376,1.1424
2.200,0.450,2.1921,1.6900
0.000,0.460,0.0739,-0.3479
0.050,0.460,0.1295,-0.3378
0.100,0.460,0.1850,-0.3274
0.150,0.460,0.2404,-0.3168
0.200,0.460,0.2956,-0.3059
0.250,0.460,0.3506,-0.2947
0.300,0.460,0.4052,-0.2832
0.350,0.460,0.4594,-0.2714
0.400,0.460,0.5130,-0.2593
0.450,0.460,0.5660,-0.2468
0.500,0.460,0.6181,-0.2340
0.550,0.460,0.6691,-0.2207
0.600,0.460,0.7190,-0.2071
0.650,0.460,0.7674,-0.1931
0.700,0.460,0.8142,-0.1785
0.750,0.460,0.8592,-0.1635
0.800,0.460,0.9021,-0.1480
0.850,0.460,0.9430,-0.1319
0.900,0.460,0.9816,-0.1153
0.950,0.460,1.0182,-0.0979
1.000,0.460,1.0528,-0.0799
1.050,0.460,1.0859,-0.0612
1.100,0.460,1.1180,-0.0416
1.150,0.460,1.1496,-0.0211
1.200,0.460,1.1817,0.0003
1.250,0.460,1.2149,0.0229
1.300,0.460,1.2501,0.0466
1.350,0.460,1.2878,0.0717
1.400,0.460,1.3286,0.0983
1.450,0.460,1.3727,0.1267
1.500,0.460,1.4202,0.1570
1.550,0.460,1.4708,0.1896
1.600,0.460,1.5244,0.2250
1.650,0.460,1.5804,0.2636
1.700,0.460,1.6381,0.3062
1.750,0.460,1.6971,0.3537
1.800,0.460,1.7565,0.4074
1.850,0.460,1.8155,0.4694
1.900,0.460,1.8733,0.5425
1.950,0.460,1.9291,0.6312
2.000,0.460,1.9827,0.7436
2.050,0.460,2.0348,0.8959
2.100,0.460,2.0877,1.1312
2.150,0.460,2.1420,1.6581
2.200,0.460,2.1974,3.3535
0.000,0.470,0.0742,-0.3385
0.050,0.470,0.1297,-0.3282
0.100,0.470,0.1852,-0.3176
0.150,0.470,0.2405,-0.3067
0.200,0.470,0.2956,-0.2956
0.250,0.470,0.3503,-0.2841
0.300,0.470,0.4047,-0.2723
0.350,0.470,0.4586,-0.2602
0.400,0.470,0.5118,-0.2478
0.450,0.470,0.5642,-0.2350
0.500,0.470,0.6156,-0.2218
0.550,0.470,0.6658,-0.2082
0.600,0.470,0.7147,-0.1941
0.650,0.470,0.7619,-0.1797
0.700,0.470,0.8074,-0.1647
0.750,0.470,0.8509,-0.1492
0.800,0.470,0.8923,-0.1331
0.850,0.470,0.9316,-0.1165
0.900,0.470,0.9687,-0.0992
0.950,0.470,1.0039,-0.0813
1.000,0.470,1.0375,-0.0625
1.050,0.470,1.0700,-0.0430
1.100,0.470,1.1020,-0.0226
1.150,0.470,1.1342,-0.0012
1.200,0.470,1.1675,0.0213
1.250,0.470,1.2027,0.0450
1.300,0.470,1.2402,0.0700
1.350,0.470,1.2808,0.0965
1.400,0.470,1.3245,0.1247
1.450,0.470,1.3716,0.1549
1.500,0.470,1.4218,0.1874
1.550,0.470,1.4749,0.2225
1.600,0.470,1.5305,0.2608
1.650,0.470,1.5880,0.3030
1.700,0.470,1.6467,0.3501
1.750,0.470,1.7060,0.4033
1.800,0.470,1.7651,0.4645
1.850,0.470,1.8230,0.5364
1.900,0.470,1.8791,0.6237
1.950,0.470,1.9329,0.7338
2.000,0.470,1.9850,0.8821
2.050,0.470,2.0376,1.1079
2.100,0.470,2.0918,1.5920
2.150,0.470,2.1475,3.2124
2.200,0.470,2.1947,5.7739
0.000,0.480,0.0744,-0.3294
0.050,0.480,0.1299,-0.3188
0.100,0.480,0.1853,-0.3080
0.150,0.480,0.2405,-0.2969
0.200,0.480,0.2954,-0.2854
0.250,0.480,0.3500,-0.2737
0.300,0.480,0.4040,-0.2617
0.350,0.480,0.4575,-0.2493
0.400,0.480,0.5102,-0.2365
0.450,0.480,0.5620,-0.2233
0.500,0.480,0.6126,-0.2098
0.550,0.480,0.6619,-0.1958
0.600,0.480,0.7097,-0.1813
0.650,0.480,0.7558,-0.1664
0.700,0.480,0.7999,-0.1510
0.750,0.480,0.8419,-0.1350
0.800,0.480,0.8818,-0.1184
0.850,0.480,0.9196,-0.1012
0.900,0.480,0.9554,-0.0833
0.950,0.480,0.9896,-0.0646
1.000,0.480,1.0225,-0.0452
1.050,0.480,1.0549,-0.0248
1.100,0.480,1.0874,-0.0035
1.150,0.480,1.1207,0.0188
1.200,0.480,1.1558,0.0424
1.250,0.480,1.1931,0.0672
1.300,0.480,1.2332,0.0936
1.350,0.480,1.2765,0.1216
1.400,0.480,1.3230,0.1516
1.450,0.480,1.3727,0.1838
1.500,0.480,1.4253,0.2186
1.550,0.480,1.4804,0.2565
1.600,0.480,1.5375,0.2982
1.650,0.480,1.5960,0.3446
1.700,0.480,1.6552,0.3970
1.750,0.480,1.7142,0.4571
1.800,0.480,1.7724,0.5276
1.850,0.480,1.8288,0.6127
1.900,0.480,1.8830,0.7196
1.950,0.480,1.9351,0.8622
2.000,0.480,1.9874,1.0751
2.050,0.480,2.0414,1.5040
2.100,0.480,2.0974,2.9792
2.150,0.480,2.1451,5.5547
2.200,0.480,2.1915,8.3208
0.000,0.490,0.0746,-0.3204
0.050,0.490,0.1300,-0.3096
0.100,0.490,0.1853,-0.2986
0.150,0.490,0.2404,-0.2872
0.200,0.490,0.2951,-0.2755
0.250,0.490,0.3494,-0.2635
0.300,0.490,0.4031,-0.2512
0.350,0.490,0.4561,-0.2385
0.400,0.490,0.5083,-0.2254
0.450,0.490,0.5594,-0.2119
0.500,0.490,0.6092,-0.1979
0.550,0.490,0.6575,-0.1836
0.600,0.490,0.7042,-0.1687
0.650,0.490,0.7490,-0.1533
0.700,0.490,0.7917,-0.1374
0.750,0.490,0.8324,-0.1209
0.800,0.490,0.8709,-0.1038
0.850,0.490,0.9074,-0.0860
0.900,0.490,0.9422,-0.0674
0.950,0.490,0.9756,-0.0481
1.000,0.490,1.0084,-0.0279
1.050,0.490,1.0411,-0.0067
1.100,0.490,1.0745,0.0155
1.150,0.490,1.1093,0.0389
1.200,0.490,1.1463,0.0636
1.250,0.490,1.1860,0.0897
1.300,0.490,1.2287,0.1175
1.350,0.490,1.2747,0.1472
1.400,0.490,1.3237,0.1790
1.450,0.490,1.3757,0.2134
1.500,0.490,1.4302,0.2508
1.550,0.490,1.4868,0.2919
1.600,0.490,1.5450,0.3375
1.650,0.490,1.6040,0.3889
1.700,0.490,1.6631,0.4476
1.750,0.490,1.7215,0.5162
1.800,0.490,1.7783,0.5987
1.850,0.490,1.8328,0.7015
1.900,0.490,1.8852,0.8373
1.950,0.490,1.9372,1.0355
2.000,0.490,1.9909,1.4070
2.050,0.490,2.0469,2.6698
2.100,0.490,2.0957,5.2232
2.150,0.490,2.1420,8.0389
2.200,0.490,2.1895,10.8777
0.000,0.500,0.0747,-0.3117
0.050,0.500,0.1301,-0.3006
0.100,0.500,0.1853,-0.2893
0.150,0.500,0.2402,-0.2777
0.200,0.500,0.2947,-0.2658
0.250,0.500,0.3487,-0.2535
0.300,0.500,0.4020,-0.2409
0.350,0.500,0.4545,-0.2278
0.400,0.500,0.5061,-0.2144
0.450,0.500,0.5564,-0.2006
0.500,0.500,0.6053,-0.1863
0.550,0.500,0.6526,-0.1715
0.600,0.500,0.6981,-0.1562
0.650,0.500,0.7417,-0.1404
0.700,0.500,0.7831,-0.1240
0.750,0.500,0.8224,-0.1070
0.800,0.500,0.8596,-0.0893
0.850,0.500,0.8951,-0.0709
0.900,0.500,0.9291,-0.0516
0.950,0.500,0.9623,-0.0316
1.000,0.500,0.9952,-0.0106
1.050,0.500,1.0287,0.0115
1.100,0.500,1.0634,0.0346
1.150,0.500,1.1000,0.0591
1.200,0.500,1.1392,0.0850
1.250,0.500,1.1813,0.1124
1.300,0.500,1.2265,0.1418
1.350,0.500,1.2748,0.1732
1.400,0.500,1.3260,0.2071
1.450,0.500,1.3799,0.2439
1.500,0.500,1.4360,0.2843
1.550,0.500,1.4937,0.3290
1.600,0.500,1.5525,0.3791
1.650,0.500,1.6116,0.4362
1.700,0.500,1.6702,0.5027
1.750,0.500,1.7274,0.5822
1.800,0.500,1.7825,0.6805
1.850,0.500,1.8353,0.8087
1.900,0.500,1.8870,0.9914
1.950,0.500,1.9403,1.3103
2.000,0.500,1.9959,2.3154
2.050,0.500,2.0464,4.7829
2.100,0.500,2.0926,7.6413
2.150,0.500,2.1399,10.5385
2.200,0.500,2.1887,13.4144
0.000,0.510,0.0748,-0.3031
0.050,0.510,0.1301,-0.2918
0.100,0.510,0.1851,-0.2803
0.150,0.510,0.2398,-0.2684
0.200,0.510,0.2941,-0.2562
0.250,0.510,0.3477,-0.2437
0.300,0.510,0.4006,-0.2307
0.350,0.510,0.4526,-0.2174
0.400,0.510,0.5035,-0.2036
0.450,0.510,0.5530,-0.1894
0.500,0.510,0.6010,-0.1748
0.550,0.510,0.6473,-0.1596
0.600,0.510,0.6916,-0.1439
0.650,0.510,0.7338,-0.1276
0.700,0.510,0.7740,-0.1107
0.750,0.510,0.8121,-0.0931
0.800,0.510,0.8483,-0.0749
0.850,0.510,0.8829,-0.0558
0.900,0.510,0.9166,-0.0359
0.950,0.510,0.9498,-0.0151
1.000,0.510,0.9833,0.0067
1.050,0.510,1.0178,0.0297
1.100,0.510,1.0541,0.0538
1.150,0.510,1.0927,0.0794
1.200,0.510,1.1341,0.1065
1.250,0.510,1.1785,0.1355
1.300,0.510,1.2260,0.1664
1.350,0.510,1.2765,0.1998
1.400,0.510,1.3296,0.2359
1.450,0.510,1.3850,0.2755
1.500,0.510,1.4423,0.3191
1.550,0.510,1.5007,0.3679
1.600,0.510,1.5598,0.4233
1.650,0.510,1.6185,0.4875
1.700,0.510,1.6762,0.5636
1.750,0.510,1.7319,0.6571
1.800,0.510,1.7852,0.7774
1.850,0.510,1.8368,0.9447
1.900,0.510,1.8895,1.2186
1.950,0.510,1.9443,1.9658
2.000,0.510,1.9971,4.2402
2.050,0.510,2.0434,7.1286
2.100,0.510,2.0904,10.0831
2.150,0.510,2.1390,13.0211
2.200,0.510,2.1888,15.9196
0.000,0.520,0.0748,-0.2946
0.050,0.520,0.1300,-0.2832
0.100,0.520,0.1849,-0.2714
0.150,0.520,0.2394,-0.2593
0.200,0.520,0.2933,-0.2468
0.250,0.520,0.3466,-0.2340
0.300,0.520,0.3990,-0.2207
0.350,0.520,0.4504,-0.2071
0.400,0.520,0.5006,-0.1930
0.450,0.520,0.5493,-0.1784
0.500,0.520,0.5963,-0.1634
0.550,0.520,0.6414,-0.1478
0.600,0.520,0.6846,-0.1317
0.650,0.520,0.7256,-0.1149
0.700,0.520,0.7646,-0.0975
0.750,0.520,0.8016,-0.0794
0.800,0.520,0.8370,-0.0605
0.850,0.520,0.8712,-0.0408
0.900,0.520,0.9047,-0.0203
0.950,0.520,0.9384,0.0013
1.000,0.520,0.9728,0.0240
1.050,0.520,1.0087,0.0479
1.100,0.520,1.0467,0.0731
1.150,0.520,1.0874,0.0999
1.200,0.520,1.1309,0.1283
1.250,0.520,1.1775,0.1588
1.300,0.520,1.2271,0.1915
1.350,0.520,1.2794,0.2270
1.400,0.520,1.3341,0.2656
1.450,0.520,1.3908,0.3082
1.500,0.520,1.4488,0.3556
1.550,0.520,1.5077,0.4091
1.600,0.520,1.5665,0.4708
1.650,0.520,1.6246,0.5435
1.700,0.520,1.6809,0.6320
1.750,0.520,1.7349,0.7443
1.800,0.520,1.7867,0.8969
1.850,0.520,1.8388,1.1334
1.900,0.520,1.8928,1.6724
1.950,0.520,1.9477,3.6100
2.000,0.520,1.9943,6.5023
2.050,0.520,2.0411,9.5113
2.100,0.520,2.0894,12.5122
2.150,0.520,2.1390,15.4748
2.200,0.520,2.1894,18.3887
0.000,0.530,0.0747,-0.2863
0.050,0.530,0.1298,-0.2747
0.100,0.530,0.1845,-0.2627
0.150,0.530,0.2388,-0.2503
0.200,0.530,0.2924,-0.2376
0.250,0.530,0.3453,-0.2244
0.300,0.530,0.3972,-0.2109
0.350,0.530,0.4480,-0.1969
0.400,0.530,0.4973,-0.1825
0.450,0.530,0.5452,-0.1676
0.500,0.530,0.5912,-0.1522
0.550,0.530,0.6352,-0.1362
0.600,0.530,0.6772,-0.1196
0.650,0.530,0.7171,-0.1023
0.700,0.530,0.7550,-0.0844
0.750,0.530,0.7912,-0.0658
0.800,0.530,0.8260,-0.0463
0.850,0.530,0.8600,-0.0259
0.900,0.530,0.8938,-0.0046
0.950,0.530,0.9281,0.0178
1.000,0.530,0.9637,0.0413
1.050,0.530,1.0011,0.0662
1.100,0.530,1.0410,0.0925
1.150,0.530,1.0837,0.1205
1.200,0.530,1.1293,0.1504
1.250,0.530,1.1779,0.1825
1.300,0.530,1.2293,0.2172
1.350,0.530,1.2832,0.2549
1.400,0.530,1.3392,0.2963
1.450,0.530,1.3968,0.3422
1.500,0.530,1.4554,0.3939
1.550,0.530,1.5142,0.4530
1.600,0.530,1.5726,0.5223
1.650,0.530,1.6296,0.6057
1.700,0.530,1.6843,0.7103
1.750,0.530,1.7367,0.8492
1.800,0.530,1.7882,1.0545
1.850,0.530,1.8417,1.4531
1.900,0.530,1.8975,2.9278
1.950,0.530,1.9454,5.7657
2.000,0.530,1.9918,8.8231
2.050,0.530,2.0398,11.8871
2.100,0.530,2.0892,14.9154
2.150,0.530,2.1395,17.8945
2.200,0.530,2.1903,20.8195
0.000,0.540,0.0746,-0.2782
0.050,0.540,0.1295,-0.2663
0.100,0.540,0.1841,-0.2541
0.150,0.540,0.2380,-0.2415
0.200,0.540,0.2913,-0.2285
0.250,0.540,0.3438,-0.2151
0.300,0.540,0.3951,-0.2012
0.350,0.540,0.4452,-0.1869
0.400,0.540,0.4938,-0.1722
0.450,0.540,0.5407,-0.1569
0.500,0.540,0.5857,-0.1411
0.550,0.540,0.6287,-0.1247
0.600,0.540,0.6696,-0.1076
0.650,0.540,0.7084,-0.0899
0.700,0.540,0.7455,-0.0715
0.750,0.540,0.7810,-0.0522
0.800,0.540,0.8155,-0.0321
0.850,0.540,0.8495,-0.0111
0.900,0.540,0.8838,0.0110
0.950,0.540,0.9191,0.0342
1.000,0.540,0.9560,0.0587
1.050,0.540,0.9952,0.0845
1.100,0.540,1.0369,0.1120
1.150,0.540,1.0815,0.1414
1.200,0.540,1.1291,0.1728
1.250,0.540,1.1795,0.2066
1.300,0.540,1.2325,0.2434
1.350,0.540,1.2877,0.2836
1.400,0.540,1.3447,0.3280
1.450,0.540,1.4029,0.3778
1.500,0.540,1.4617,0.4344
1.550,0.540,1.5203,0.5002
1.600,0.540,1.5778,0.5787
1.650,0.540,1.6334,0.6758
1.700,0.540,1.6865,0.8022
1.750,0.540,1.7379,0.9817
1.800,0.540,1.7906,1.2907
1.850,0.540,1.8459,2.2761
1.900,0.540,1.8965,4.9262
1.950,0.540,1.9428,8.0191
2.000,0.540,1.9903,11.1451
2.050,0.540,2.0394,14.2405
2.100,0.540,2.0896,17.2870
2.150,0.540,2.1403,20.2780
2.200,0.540,2.1914,23.2113
0.000,0.550,0.0744,-0.2703
0.050,0.550,0.1292,-0.2581
0.100,0.550,0.1835,-0.2457
0.150,0.550,0.2372,-0.2328
0.200,0.550,0.2901,-0.2195
0.250,0.550,0.3420,-0.2058
0.300,0.550,0.3928,-0.1917
0.350,0.550,0.4422,-0.1771
0.400,0.550,0.4899,-0.1620
0.450,0.550,0.5359,-0.1463
0.500,0.550,0.5799,-0.1301
0.550,0.550,0.6218,-0.1133
0.600,0.550,0.6617,-0.0958
0.650,0.550,0.6997,-0.0776
0.700,0.550,0.7360,-0.0586
0.750,0.550,0.7711,-0.0388
0.800,0.550,0.8055,-0.0180
0.850,0.550,0.8399,0.0037
0.900,0.550,0.8749,0.0265
0.950,0.550,0.9114,0.0506
1.000,0.550,0.9498,0.0760
1.050,0.550,0.9906,0.1030
1.100,0.550,1.0342,0.1317
1.150,0.550,1.0807,0.1624
1.200,0.550,1.1300,0.1955
1.250,0.550,1.1820,0.2312
1.300,0.550,1.2363,0.2702
1.350,0.550,1.2926,0.3132
1.400,0.550,1.3503,0.3610
1.450,0.550,1.4089,0.4152
1.500,0.550,1.4676,0.4776
1.550,0.550,1.5256,0.5514
1.600,0.550,1.5820,0.6415
1.650,0.550,1.6360,0.7565
1.700,0.550,1.6877,0.9143
1.750,0.550,1.7396,1.1638
1.800,0.550,1.7936,1.7770
1.850,0.550,1.8476,4.0021
1.900,0.550,1.8939,7.1010
1.950,0.550,1.9410,10.2855
2.000,0.550,1.9897,13.4489
2.050,0.550,2.0396,16.5649
2.100,0.550,2.0903,19.6244
2.150,0.550,2.1413,22.6244
2.200,0.550,2.1924,25.5642
0.000,0.560,0.0742,-0.2624
0.050,0.560,0.1288,-0.2501
0.100,0.560,0.1828,-0.2374
0.150,0.560,0.2362,-0.2242
0.200,0.560,0.2887,-0.2107
0.250,0.560,0.3401,-0.1967
0.300,0.560,0.3902,-0.1823
0.350,0.560,0.4389,-0.1674
0.400,0.560,0.4858,-0.1519
0.450,0.560,0.5308,-0.1359
0.500,0.560,0.5738,-0.1193
0.550,0.560,0.6148,-0.1020
0.600,0.560,0.6538,-0.0840
0.650,0.560,0.6910,-0.0653
0.700,0.560,0.7268,-0.0458
0.750,0.560,0.7616,-0.0254
0.800,0.560,0.7962,-0.0040
0.850,0.560,0.8311,0.0185
0.900,0.560,0.8671,0.0421
0.950,0.560,0.9049,0.0671
1.000,0.560,0.9448,0.0935
1.050,0.560,0.9873,0.1216
1.100,0.560,1.0327,0.1516
1.150,0.560,1.0809,0.1838
1.200,0.560,1.1318,0.2185
1.250,0.560,1.1851,0.2563
1.300,0.560,1.2406,0.2978
1.350,0.560,1.2977,0.3438
1.400,0.560,1.3559,0.3955
1.450,0.560,1.4146,0.4547
1.500,0.560,1.4730,0.5240
1.550,0.560,1.5302,0.6075
1.600,0.560,1.5851,0.7123
1.650,0.560,1.6376,0.8520
1.700,0.560,1.6889,1.0591
1.750,0.560,1.7421,1.4649
1.800,0.560,1.7978,3.0448
1.850,0.560,1.8453,6.0735
1.900,0.560,1.8919,9.3082
1.950,0.560,1.9401,12.5396
2.000,0.560,1.9898,15.7268
2.050,0.560,2.0403,18.8573
2.100,0.560,2.0912,21.9266
2.150,0.560,2.1423,24.9335
2.200,0.560,2.1935,27.8784
0.000,0.570,0.0738,-0.2548
0.050,0.570,0.1282,-0.2422
0.100,0.570,0.1820,-0.2292
0.150,0.570,0.2350,-0.2158
0.200,0.570,0.2871,-0.2020
0.250,0.570,0.3379,-0.1878
0.300,0.570,0.3874,-0.1730
0.350,0.570,0.4353,-0.1578
0.400,0.570,0.4814,-0.1420
0.450,0.570,0.5255,-0.1256
0.500,0.570,0.5676,-0.1085
0.550,0.570,0.6076,-0.0908
0.600,0.570,0.6458,-0.0724
0.650,0.570,0.6824,-0.0532
0.700,0.570,0.7179,-0.0331
0.750,0.570,0.7527,-0.0121
0.800,0.570,0.7877,0.0100
0.850,0.570,0.8234,0.0332
0.900,0.570,0.8605,0.0577
0.950,0.570,0.8995,0.0835
1.000,0.570,0.9411,0.1110
1.050,0.570,0.9852,0.1403
1.100,0.570,1.0322,0.1716
1.150,0.570,1.0820,0.2054
1.200,0.570,1.1342,0.2420
1.250,0.570,1.1888,0.2820
1.300,0.570,1.2452,0.3262
1.350,0.570,1.3029,0.3756
1.400,0.570,1.3615,0.4318
1.450,0.570,1.4200,0.4968
1.500,0.570,1.4778,0.5743
1.550,0.570,1.5338,0.6700
1.600,0.570,1.5872,0.7942
1.650,0.570,1.6385,0.9696
1.700,0.570,1.6908,1.2669
1.750,0.570,1.7457,2.1968
1.800,0.570,1.7967,4.9486
1.850,0.570,1.8430,8.2142
1.900,0.570,1.8907,11.5113
1.950,0.570,1.9399,14.7713
2.000,0.570,1.9902,17.9751
2.050,0.570,2.0411,21.1164
2.100,0.570,2.0922,24.1932
2.150,0.570,2.1433,27.2057
2.200,0.570,2.1945,30.1547
0.000,0.580,0.0734,-0.2472
0.050,0.580,0.1276,-0.2344
0.100,0.580,0.1811,-0.2212
0.150,0.580,0.2337,-0.2076
0.200,0.580,0.2853,-0.1935
0.250,0.580,0.3356,-0.1790
0.300,0.580,0.3844,-0.1639
0.350,0.580,0.4315,-0.1483
0.400,0.580,0.4767,-0.1322
0.450,0.580,0.5200,-0.1154
0.500,0.580,0.5612,-0.0979
0.550,0.580,0.6004,-0.0798
0.600,0.580,0.6379,-0.0609
0.650,0.580,0.6741,-0.0411
0.700,0.580,0.7094,-0.0205
0.750,0.580,0.7445,0.0012
0.800,0.580,0.7799,0.0239
0.850,0.580,0.8165,0.0479
0.900,0.580,0.8548,0.0732
0.950,0.580,0.8953,0.1001
1.000,0.580,0.9384,0.1286
1.050,0.580,0.9841,0.1591
1.100,0.580,1.0327,0.1919
1.150,0.580,1.0838,0.2274
1.200,0.580,1.1373,0.2660
1.250,0.580,1.1928,0.3084
1.300,0.580,1.2499,0.3556
1.350,0.580,1.3081,0.4088
1.400,0.580,1.3667,0.4700
1.450,0.580,1.4249,0.5420
1.500,0.580,1.4818,0.6295
1.550,0.580,1.5364,0.7405
1.600,0.580,1.5884,0.8914
1.650,0.580,1.6397,1.1243
1.700,0.580,1.6932,1.6489
1.750,0.580,1.7479,3.7601
1.800,0.580,1.7944,7.0069
1.850,0.580,1.8414,10.3636
1.900,0.580,1.8902,13.6967
1.950,0.580,1.9402,16.9760
2.000,0.580,1.9910,20.1920
2.050,0.580,2.0420,23.3417
2.100,0.580,2.0932,26.4245
2.150,0.580,2.1443,29.4414
2.200,0.580,2.1955,32.3938
0.000,0.590,0.0730,-0.2398
0.050,0.590,0.1269,-0.2268
0.100,0.590,0.1801,-0.2133
0.150,0.590,0.2323,-0.1994
0.200,0.590,0.2834,-0.1851
0.250,0.590,0.3331,-0.1703
0.300,0.590,0.3812,-0.1549
0.350,0.590,0.4275,-0.1390
0.400,0.590,0.4719,-0.1225
0.450,0.590,0.5143,-0.1053
0.500,0.590,0.5547,-0.0874
0.550,0.590,0.5932,-0.0688
0.600,0.590,0.6302,-0.0494
0.650,0.590,0.6661,-0.0291
0.700,0.590,0.7014,-0.0079
0.750,0.590,0.7369,0.0144
0.800,0.590,0.7731,0.0379
0.850,0.590,0.8107,0.0626
0.900,0.590,0.8502,0.0888
0.950,0.590,0.8921,0.1166
1.000,0.590,0.9367,0.1463
1.050,0.590,0.9839,0.1781
1.100,0.590,1.0338,0.2124
1.150,0.590,1.0862,0.2497
1.200,0.590,1.1407,0.2904
1.250,0.590,1.1971,0.3355
1.300,0.590,1.2548,0.3860
1.350,0.590,1.3132,0.4436
1.400,0.590,1.3717,0.5106
1.450,0.590,1.4292,0.5908
1.500,0.590,1.4850,0.6907
1.550,0.590,1.5380,0.8220
1.600,0.590,1.5892,1.0120
1.650,0.590,1.6417,1.3549
1.700,0.590,1.6972,2.6221
1.750,0.590,1.7460,5.6958
1.800,0.590,1.7925,9.0968
1.850,0.590,1.8406,12.5016
1.900,0.590,1.8903,15.8582
1.950,0.590,1.9408,19.1516
2.000,0.590,1.9918,22.3769
2.050,0.590,2.0429,25.5331
2.100,0.590,2.0941,28.6208
2.150,0.590,2.1453,31.6413
2.200,0.590,2.1964,34.5966
0.000,0.600,0.0724,-0.2325
0.050,0.600,0.1261,-0.2192
0.100,0.600,0.1789,-0.2056
0.150,0.600,0.2307,-0.1914
0.200,0.600,0.2813,-0.1768
0.250,0.600,0.3304,-0.1617
0.300,0.600,0.3778,-0.1460
0.350,0.600,0.4234,-0.1297
0.400,0.600,0.4669,-0.1129
0.450,0.600,0.5085,-0.0953
0.500,0.600,0.5482,-0.0770
0.550,0.600,0.5861,-0.0580
0.600,0.600,0.6227,-0.0381
0.650,0.600,0.6585,-0.0173
0.700,0.600,0.6940,0.0046
0.750,0.600,0.7300,0.0275
0.800,0.600,0.7670,0.0517
0.850,0.600,0.8057,0.0773
0.900,0.600,0.8465,0.1044
0.950,0.600,0.8898,0.1333
1.000,0.600,0.9358,0.1641
1.050,0.600,0.9844,0.1973
1.100,0.600,1.0355,0.2333
1.150,0.600,1.0890,0.2724
1.200,0.600,1.1445,0.3155
1.250,0.600,1.2015,0.3635
1.300,0.600,1.2596,0.4177
1.350,0.600,1.3181,0.4802
1.400,0.600,1.3762,0.5540
1.450,0.600,1.4329,0.6442
1.500,0.600,1.4872,0.7597
1.550,0.600,1.5390,0.9188
1.600,0.600,1.5904,1.1721
1.650,0.600,1.6442,1.8148
1.700,0.600,1.6976,4.3081
1.750,0.600,1.7438,7.7137
1.800,0.600,1.7913,11.1850
1.850,0.600,1.8404,14.6196
1.900,0.600,1.8907,17.9929
1.950,0.600,1.9416,21.2969
2.000,0.600,1.9927,24.5296
2.050,0.600,2.0439,27.6911
2.100,0.600,2.0950,30.7827
2.150,0.600,2.1462,33.8063
2.200,0.600,2.1972,36.7640
0.000,0.610,0.0718,-0.2253
0.050,0.610,0.1252,-0.2118
0.100,0.610,0.1776,-0.1979
0.150,0.610,0.2290,-0.1835
0.200,0.610,0.2790,-0.1686
0.250,0.610,0.3275,-0.1532
0.300,0.610,0.3742,-0.1372
0.350,0.610,0.4190,-0.1206
0.400,0.610,0.4618,-0.1034
0.450,0.610,0.5027,-0.0854
0.500,0.610,0.5417,-0.0667
0.550,0.610,0.5792,-0.0472
0.600,0.610,0.6155,-0.0268
0.650,0.610,0.6513,-0.0054
0.700,0.610,0.6872,0.0170
0.750,0.610,0.7238,0.0406
0.800,0.610,0.7618,0.0656
0.850,0.610,0.8016,0.0920
0.900,0.610,0.8437,0.1201
0.950,0.610,0.8883,0.1500
1.000,0.610,0.9356,0.1821
1.050,0.610,0.9855,0.2168
1.100,0.610,1.0378,0.2544
1.150,0.610,1.0922,0.2956
1.200,0.610,1.1484,0.3412
1.250,0.610,1.2059,0.3924
1.300,0.610,1.2642,0.4508
1.350,0.610,1.3226,0.5189
1.400,0.610,1.3801,0.6008
1.450,0.610,1.4357,0.7032
1.500,0.610,1.4887,0.8391
1.550,0.610,1.5397,1.0387
1.600,0.610,1.5923,1.4158
1.650,0.610,1.6478,2.9418
1.700,0.610,1.6955,6.2228
1.750,0.610,1.7423,9.7469
1.800,0.610,1.7908,13.2585
1.850,0.610,1.8407,16.7136
1.900,0.610,1.8914,20.0993
1.950,0.610,1.9424,23.4117
2.000,0.610,1.9936,26.6503
2.050,0.610,2.0448,29.8162
2.100,0.610,2.0959,32.9110
2.150,0.610,2.1470,35.9372
2.200,0.610,2.1980,38.8969
0.000,0.620,0.0711,-0.2182
0.050,0.620,0.1242,-0.2045
0.100,0.620,0.1763,-0.1904
0.150,0.620,0.2272,-0.1757
0.200,0.620,0.2767,-0.1606
0.250,0.620,0.3245,-0.1449
0.300,0.620,0.3705,-0.1286
0.350,0.620,0.4146,-0.1116
0.400,0.620,0.4567,-0.0940
0.450,0.620,0.4968,-0.0757
0.500,0.620,0.5353,-0.0565
0.550,0.620,0.5724,-0.0365
0.600,0.620,0.6087,-0.0156
0.650,0.620,0.6447,0.0063
0.700,0.620,0.6810,0.0294
0.750,0.620,0.7184,0.0537
0.800,0.620,0.7573,0.0794
0.850,0.620,0.7983,0.1067
0.900,0.620,0.8416,0.1357
0.950,0.620,0.8876,0.1668
1.000,0.620,0.9361,0.2002
1.050,0.620,0.9871,0.2364
1.100,0.620,1.0403,0.2759
1.150,0.620,1.0956,0.3193
1.200,0.620,1.1524,0.3677
1.250,0.620,1.2103,0.4224
1.300,0.620,1.2687,0.4855
1.350,0.620,1.3268,0.5602
1.400,0.620,1.3835,0.6518
1.450,0.620,1.4378,0.7695
1.500,0.620,1.4895,0.9331
1.550,0.620,1.5408,1.1979
1.600,0.620,1.5948,1.9199
1.650,0.620,1.6473,4.6505
1.700,0.620,1.6936,8.1897
1.750,0.620,1.7413,11.7735
1.800,0.620,1.7907,15.3115
1.850,0.620,1.8412,18.7815
1.900,0.620,1.8921,22.1769
1.950,0.620,1.9433,25.4959
2.000,0.620,1.9944,28.7394
2.050,0.620,2.0456,31.9088
2.100,0.620,2.0967,35.0065
2.150,0.620,2.1478,38.0347
2.200,0.620,2.1988,40.9962
