regime,Vb_n,Vb_next
sizer,20.3782,17.7595
sizer,17.7595,22.6033
sizer,22.6033,20.9821
sizer,20.9821,20.1005
sizer,20.1005,21.9505
sizer,21.9505,20.4892
sizer,20.4892,18.0711
sizer,18.0711,20.1207
sizer,20.1207,19.7754
sizer,19.7754,18.7966
sizer,18.7966,17.7608
sizer,17.7608,19.6609
sizer,19.6609,23.4480
sizer,23.4480,19.5448
sizer,19.5448,21.0069
sizer,21.0069,18.5417
sizer,18.5417,18.8370
sizer,18.8370,19.2320
sizer,19.2320,18.8742
sizer,18.8742,17.9826
sizer,17.9826,18.1003
sizer,18.1003,22.1269
sizer,22.1269,21.4375
sizer,21.4375,21.7159
sizer,21.7159,18.3695
sizer,18.3695,21.3561
sizer,21.3561,18.0345
sizer,18.0345,20.9830
sizer,20.9830,21.0193
sizer,21.0193,21.8200
sizer,21.8200,22.5467
sizer,22.5467,18.1257
sizer,18.1257,20.4038
sizer,20.4038,17.5285
sizer,17.5285,20.9499
sizer,20.9499,22.6832
sizer,22.6832,20.3079
sizer,20.3079,21.9595
sizer,21.9595,16.7542
sizer,16.7542,18.6410
sizer,18.6410,18.8434
sizer,18.8434,20.0593
sizer,20.0593,19.7299
sizer,19.7299,19.6703
sizer,19.6703,17.3974
sizer,17.3974,19.4657
sizer,19.4657,20.8099
sizer,20.8099,18.7874
sizer,18.7874,23.6933
sizer,23.6933,20.5293
sizer,20.5293,15.0710
sizer,15.0710,22.7887
sizer,22.7887,20.0957
sizer,20.0957,17.8667
sizer,17.8667,18.9117
sizer,18.9117,21.6133
sizer,21.6133,19.5565
sizer,19.5565,21.4427
sizer,21.4427,20.6957
sizer,20.6957,18.3380
sizer,18.3380,21.2131
sizer,21.2131,21.0171
sizer,21.0171,22.0450
sizer,22.0450,15.8927
sizer,15.8927,19.2096
sizer,19.2096,20.6332
sizer,20.6332,18.1335
sizer,18.1335,16.2742
sizer,16.2742,19.1360
sizer,19.1360,15.4258
sizer,15.4258,19.7081
sizer,19.7081,20.3679
sizer,20.3679,17.8904
sizer,17.8904,20.5065
sizer,20.5065,22.8644
sizer,22.8644,21.0080
sizer,21.0080,21.5172
sizer,21.5172,18.6374
sizer,18.6374,19.1975
sizer,19.1975,16.8336
sizer,16.8336,16.4205
sizer,16.4205,17.4196
sizer,17.4196,19.0436
sizer,19.0436,19.3596
sizer,19.3596,16.3616
sizer,16.3616,18.8300
sizer,18.8300,22.7813
sizer,22.7813,17.2638
sizer,17.2638,22.2041
sizer,22.2041,21.6258
sizer,21.6258,22.6324
sizer,22.6324,22.9389
sizer,22.9389,22.2426
sizer,22.2426,16.8030
sizer,16.8030,20.8801
sizer,20.8801,24.6277
sizer,24.6277,21.7183
sizer,21.7183,23.0796
sizer,23.0796,25.1257
sizer,25.1257,19.8031
sizer,19.8031,16.6853
sizer,16.6853,19.0648
sizer,19.0648,16.9626
sizer,16.9626,22.5182
sizer,22.5182,18.5518
sizer,18.5518,19.4073
sizer,19.4073,20.2333
sizer,20.2333,19.4620
sizer,19.4620,16.0406
sizer,16.0406,17.6647
sizer,17.6647,17.2811
sizer,17.2811,21.3699
sizer,21.3699,22.7101
sizer,22.7101,24.5760
sizer,24.5760,18.3777
sizer,18.3777,21.5877
sizer,21.5877,17.9542
sizer,17.9542,19.9985
sizer,19.9985,16.7046
sizer,16.7046,21.2002
sizer,21.2002,16.7754
sizer,16.7754,23.0370
sizer,23.0370,18.2950
sizer,18.2950,16.4680
sizer,16.4680,17.6877
sizer,17.6877,19.6472
sizer,19.6472,21.2441
sizer,21.2441,18.6906
sizer,18.6906,19.9602
sizer,19.9602,21.0148
sizer,21.0148,20.7099
sizer,20.7099,17.3867
sizer,17.3867,21.4775
sizer,21.4775,16.9480
sizer,16.9480,21.3462
sizer,21.3462,19.7033
sizer,19.7033,23.0239
sizer,23.0239,20.4284
sizer,20.4284,15.3010
sizer,15.3010,19.6056
sizer,19.6056,20.2653
sizer,20.2653,16.2181
sizer,16.2181,19.4568
sizer,19.4568,16.7370
sizer,16.7370,20.4540
sizer,20.4540,17.2144
sizer,17.2144,18.8767
sizer,18.8767,19.2983
sizer,19.2983,14.9875
sizer,14.9875,18.5683
sizer,18.5683,16.4564
sizer,16.4564,22.8461
sizer,22.8461,17.9828
sizer,17.9828,19.2811
sizer,19.2811,19.2077
sizer,19.2077,16.9421
sizer,16.9421,21.0192
sizer,21.0192,22.3391
sizer,22.3391,17.9894
sizer,17.9894,17.5159
sizer,17.5159,16.7493
sizer,16.7493,22.5784
sizer,22.5784,21.1037
sizer,21.1037,18.6811
sizer,18.6811,19.9806
sizer,19.9806,23.2451
sizer,23.2451,18.4069
sizer,18.4069,18.8308
sizer,18.8308,15.9026
sizer,15.9026,17.3929
sizer,17.3929,18.9868
sizer,18.9868,23.2589
sizer,23.2589,21.1586
sizer,21.1586,22.6828
sizer,22.6828,18.4817
sizer,18.4817,18.8591
sizer,18.8591,17.0674
sizer,17.0674,16.6570
sizer,16.6570,22.0798
sizer,22.0798,20.1247
sizer,20.1247,20.4274
sizer,20.4274,17.8686
sizer,17.8686,23.5016
sizer,23.5016,19.7449
sizer,19.7449,17.7574
sizer,17.7574,18.7090
sizer,18.7090,24.4297
sizer,24.4297,23.8043
sizer,23.8043,18.3425
sizer,18.3425,21.3926
sizer,21.3926,18.7562
sizer,18.7562,20.0917
sizer,20.0917,16.1314
sizer,16.1314,24.1114
sizer,24.1114,20.1710
sizer,20.1710,18.4823
sizer,18.4823,16.6240
sizer,16.6240,23.6503
sizer,23.6503,22.4548
sizer,22.4548,17.6261
sizer,17.6261,21.0587
sizer,21.0587,19.5383
sizer,19.5383,19.4406
sizer,19.4406,19.1123
sizer,19.1123,20.9539
sizer,20.9539,16.5957
sizer,16.5957,18.0567
sizer,18.0567,22.1198
sizer,22.1198,19.7174
sizer,19.7174,23.9343
sizer,23.9343,16.7926
sizer,16.7926,20.4270
sizer,20.4270,21.3123
sizer,21.3123,20.7883
sizer,20.7883,16.8326
sizer,16.8326,18.8019
sizer,18.8019,20.5677
sizer,20.5677,21.7473
sizer,21.7473,24.1937
sizer,24.1937,21.0187
sizer,21.0187,21.4997
sizer,21.4997,21.5350
sizer,21.5350,21.4758
sizer,21.4758,19.2511
sizer,19.2511,14.8155
sizer,14.8155,22.3693
sizer,22.3693,21.8392
sizer,21.8392,18.2970
sizer,18.2970,20.2069
sizer,20.2069,20.4611
sizer,20.4611,21.6964
sizer,21.6964,21.1903
sizer,21.1903,23.9380
sizer,23.9380,20.1196
sizer,20.1196,24.2893
sizer,24.2893,22.6677
sizer,22.6677,17.6081
sizer,17.6081,18.1992
sizer,18.1992,19.9252
sizer,19.9252,20.6783
sizer,20.6783,21.9041
sizer,21.9041,19.0319
sizer,19.0319,23.5179
sizer,23.5179,16.1521
sizer,16.1521,17.1298
sizer,17.1298,16.1211
sizer,16.1211,19.8669
sizer,19.8669,21.7221
sizer,21.7221,18.2389
sizer,18.2389,23.1306
sizer,23.1306,24.1378
sizer,24.1378,22.1633
sizer,22.1633,14.9455
sizer,14.9455,15.7241
sizer,15.7241,19.2567
sizer,19.2567,22.5919
sizer,22.5919,20.3226
sizer,20.3226,19.8364
sizer,19.8364,19.6958
sizer,19.6958,18.3008
sizer,18.3008,20.9050
sizer,20.9050,18.9091
sizer,18.9091,21.0876
sizer,21.0876,18.7446
sizer,18.7446,19.8953
sizer,19.8953,21.8410
sizer,21.8410,23.3903
sizer,23.3903,20.6793
sizer,20.6793,20.1363
sizer,20.1363,19.0537
sizer,19.0537,15.6353
sizer,15.6353,22.4088
sizer,22.4088,21.4416
sizer,21.4416,16.8808
sizer,16.8808,20.0796
sizer,20.0796,20.9869
sizer,20.9869,19.5610
sizer,19.5610,19.9195
sizer,19.9195,19.0040
sizer,19.0040,22.4052
sizer,22.4052,18.4864
sizer,18.4864,23.1433
sizer,23.1433,17.4407
sizer,17.4407,16.9348
sizer,16.9348,20.1275
sizer,20.1275,15.3580
sizer,15.3580,23.5252
sizer,23.5252,19.5433
sizer,19.5433,20.7619
sizer,20.7619,21.6792
sizer,21.6792,17.9180
sizer,17.9180,22.4443
sizer,22.4443,19.9441
sizer,19.9441,15.6568
sizer,15.6568,21.6726
sizer,21.6726,16.5862
sizer,16.5862,16.8274
sizer,16.8274,17.0450
sizer,17.0450,21.8332
sizer,21.8332,19.0835
sizer,19.0835,18.5603
sizer,18.5603,22.2390
sizer,22.2390,22.6526
sizer,22.6526,15.3181
sizer,15.3181,16.0765
sizer,16.0765,17.6562
sizer,17.6562,22.0316
sizer,22.0316,15.9087
sizer,15.9087,20.0623
sizer,20.0623,22.5330
sizer,22.5330,19.5347
sizer,19.5347,20.5629
sizer,20.5629,19.2626
sizer,19.2626,18.0207
sizer,18.0207,17.9565
sizer,17.9565,21.4715
sizer,21.4715,16.4838
sizer,16.4838,16.7364
sizer,16.7364,21.9648
sizer,21.9648,20.5445
sizer,20.5445,18.6291
sizer,18.6291,24.9614
sizer,24.9614,20.2289
sizer,20.2289,17.2478
sizer,17.2478,19.5109
sizer,19.5109,20.7444
sizer,20.7444,22.0371
sizer,22.0371,18.6487
sizer,18.6487,18.0241
sizer,18.0241,19.5156
sizer,19.5156,22.3945
sizer,22.3945,22.6975
sizer,22.6975,22.7963
sizer,22.7963,22.1925
sizer,22.1925,17.7400
sizer,17.7400,18.7404
sizer,18.7404,19.2927
sizer,19.2927,12.1466
sizer,12.1466,23.8355
sizer,23.8355,20.2197
sizer,20.2197,19.8209
sizer,19.8209,18.0737
sizer,18.0737,17.2379
sizer,17.2379,19.4905
sizer,19.4905,22.6971
sizer,22.6971,18.7155
sizer,18.7155,15.7343
sizer,15.7343,20.8616
sizer,20.8616,20.5780
sizer,20.5780,16.1841
sizer,16.1841,22.1166
sizer,22.1166,17.9748
sizer,17.9748,24.2496
sizer,24.2496,20.5667
sizer,20.5667,20.9551
sizer,20.9551,22.6228
sizer,22.6228,22.0134
sizer,22.0134,22.3587
sizer,22.3587,14.3553
sizer,14.3553,17.9497
sizer,17.9497,19.5325
sizer,19.5325,20.2519
sizer,20.2519,19.9259
sizer,19.9259,17.5715
sizer,17.5715,15.6606
sizer,15.6606,20.9718
sizer,20.9718,19.9695
sizer,19.9695,21.7515
sizer,21.7515,17.1817
sizer,17.1817,16.6371
sizer,16.6371,22.7117
sizer,22.7117,18.1993
sizer,18.1993,19.2874
sizer,19.2874,17.7672
sizer,17.7672,18.8786
sizer,18.8786,21.2923
sizer,21.2923,14.8235
sizer,14.8235,21.3468
sizer,21.3468,19.4363
sizer,19.4363,19.9922
sizer,19.9922,19.3126
sizer,19.3126,20.2388
sizer,20.2388,20.9215
sizer,20.9215,21.0123
sizer,21.0123,16.0371
sizer,16.0371,18.7715
sizer,18.7715,15.2078
sizer,15.2078,18.2146
sizer,18.2146,18.0065
sizer,18.0065,19.4763
sizer,19.4763,19.3352
sizer,19.3352,22.1632
sizer,22.1632,17.8557
sizer,17.8557,19.9679
sizer,19.9679,17.9827
sizer,17.9827,18.8912
sizer,18.8912,17.5374
sizer,17.5374,17.9497
sizer,17.9497,18.8181
sizer,18.8181,21.4794
sizer,21.4794,19.2774
sizer,19.2774,19.1516
sizer,19.1516,21.6949
sizer,21.6949,21.7155
sizer,21.7155,18.9679
sizer,18.9679,20.5850
sizer,20.5850,19.2008
sizer,19.2008,21.0573
sizer,21.0573,17.8907
sizer,17.8907,21.7972
sizer,21.7972,19.7968
sizer,19.7968,19.9606
sizer,19.9606,21.3452
sizer,21.3452,23.1268
sizer,23.1268,18.4899
sizer,18.4899,20.6619
sizer,20.6619,16.3384
sizer,16.3384,20.2958
sizer,20.2958,20.1147
sizer,20.1147,17.3667
sizer,17.3667,17.2145
sizer,17.2145,18.4153
sizer,18.4153,16.3544
sizer,16.3544,19.4354
sizer,19.4354,18.9016
sizer,18.9016,17.3873
sizer,17.3873,23.6346
sizer,23.6346,22.9938
sizer,22.9938,19.4096
sizer,19.4096,18.4111
sizer,18.4111,20.0194
sizer,20.0194,19.0510
sizer,19.0510,17.9685
sizer,17.9685,20.4048
sizer,20.4048,18.6172
sizer,18.6172,24.2099
sizer,24.2099,19.4085
sizer,19.4085,20.3504
sizer,20.3504,23.2630
sizer,23.2630,18.7706
sizer,18.7706,18.8662
sizer,18.8662,24.7462
sizer,24.7462,23.7337
sizer,23.7337,19.4180
sizer,19.4180,16.6800
sizer,16.6800,21.6029
sizer,21.6029,17.8619
sizer,17.8619,23.2227
sizer,23.2227,20.1497
sizer,20.1497,22.8173
sizer,22.8173,20.9846
sizer,20.9846,22.0176
sizer,22.0176,17.8283
sizer,17.8283,19.3761
sizer,19.3761,16.7947
sizer,16.7947,19.2740
sizer,19.2740,19.4502
sizer,19.4502,21.6608
sizer,21.6608,20.6172
sizer,20.6172,18.4729
sizer,18.4729,21.7599
sizer,21.7599,21.2809
sizer,21.2809,16.5113
sizer,16.5113,20.9844
sizer,20.9844,16.8731
sizer,16.8731,21.9427
sizer,21.9427,18.8387
sizer,18.8387,20.1112
sizer,20.1112,20.1698
sizer,20.1698,20.4064
sizer,20.4064,29.1331
sizer,29.1331,24.9262
sizer,24.9262,20.2284
sizer,20.2284,18.4483
sizer,18.4483,17.4117
sizer,17.4117,24.2600
sizer,24.2600,21.9019
sizer,21.9019,22.9740
sizer,22.9740,20.2110
sizer,20.2110,21.4961
sizer,21.4961,22.0855
sizer,22.0855,20.4287
sizer,20.4287,21.9414
sizer,21.9414,20.5269
sizer,20.5269,19.1169
sizer,19.1169,16.8851
sizer,16.8851,20.8529
sizer,20.8529,21.1412
sizer,21.1412,19.0546
sizer,19.0546,16.3874
sizer,16.3874,23.8096
sizer,23.8096,21.1264
sizer,21.1264,17.3576
sizer,17.3576,18.1904
sizer,18.1904,19.2822
sizer,19.2822,22.5061
sizer,22.5061,20.0101
sizer,20.0101,19.4435
sizer,19.4435,22.0122
sizer,22.0122,19.8088
sizer,19.8088,18.0392
sizer,18.0392,19.7070
sizer,19.7070,20.0084
sizer,20.0084,17.2531
sizer,17.2531,19.8968
sizer,19.8968,17.6563
sizer,17.6563,21.3089
sizer,21.3089,21.5199
sizer,21.5199,21.2152
sizer,21.2152,20.2871
sizer,20.2871,21.5485
sizer,21.5485,18.5910
sizer,18.5910,21.2339
sizer,21.2339,20.8582
sizer,20.8582,19.8987
sizer,19.8987,19.0432
sizer,19.0432,18.1365
sizer,18.1365,19.3471
sizer,19.3471,23.3834
sizer,23.3834,22.8300
sizer,22.8300,19.0772
sizer,19.0772,21.5197
sizer,21.5197,17.6476
sizer,17.6476,22.8404
sizer,22.8404,17.0295
sizer,17.0295,18.2630
sizer,18.2630,18.7727
sizer,18.7727,20.6679
sizer,20.6679,20.4577
sizer,20.4577,15.2843
sizer,15.2843,20.0336
sizer,20.0336,20.3696
sizer,20.3696,20.0096
sizer,20.0096,21.9094
sizer,21.9094,21.9166
sizer,21.9166,17.0888
sizer,17.0888,19.4755
sizer,19.4755,20.6370
sizer,20.6370,25.3298
sizer,25.3298,20.6375
sizer,20.6375,20.7341
sizer,20.7341,21.8501
sizer,21.8501,19.4384
sizer,19.4384,20.7846
sizer,20.7846,20.4023
sizer,20.4023,21.3244
sizer,21.3244,22.6632
sizer,22.6632,19.2459
sizer,19.2459,21.5770
sizer,21.5770,22.0980
sizer,22.0980,20.5713
sizer,20.5713,21.7899
sizer,21.7899,23.7432
sizer,23.7432,18.3437
sizer,18.3437,24.6009
sizer,24.6009,22.3077
sizer,22.3077,21.1019
sizer,21.1019,18.7484
sizer,18.7484,20.0642
sizer,20.0642,17.6907
sizer,17.6907,19.0151
sizer,19.0151,21.9019
sizer,21.9019,22.0522
sizer,22.0522,14.6022
sizer,14.6022,25.2729
sizer,25.2729,23.8374
sizer,23.8374,18.6059
sizer,18.6059,20.6608
sizer,20.6608,17.9325
sizer,17.9325,20.7933
sizer,20.7933,21.4178
sizer,21.4178,26.0096
sizer,26.0096,22.3126
sizer,22.3126,22.2933
sizer,22.2933,17.9940
sizer,17.9940,20.6766
sizer,20.6766,19.5749
sizer,19.5749,21.2612
sizer,21.2612,19.7889
sizer,19.7889,18.2931
sizer,18.2931,22.6876
sizer,22.6876,20.7901
sizer,20.7901,22.4497
sizer,22.4497,17.9932
sizer,17.9932,21.4610
sizer,21.4610,18.8429
sizer,18.8429,17.5040
sizer,17.5040,15.3658
sizer,15.3658,20.6674
sizer,20.6674,19.8841
sizer,19.8841,16.3117
sizer,16.3117,17.0457
sizer,17.0457,20.4587
sizer,20.4587,22.5741
sizer,22.5741,16.0982
sizer,16.0982,16.7922
sizer,16.7922,22.2457
sizer,22.2457,17.9059
sizer,17.9059,19.3650
sizer,19.3650,23.3679
sizer,23.3679,20.2823
sizer,20.2823,19.6350
sizer,19.6350,16.2886
sizer,16.2886,19.2904
sizer,19.2904,16.8493
sizer,16.8493,23.2093
sizer,23.2093,20.5432
sizer,20.5432,20.1603
sizer,20.1603,20.8583
sizer,20.8583,19.8264
sizer,19.8264,17.0718
sizer,17.0718,20.6798
sizer,20.6798,19.8657
sizer,19.8657,21.4357
sizer,21.4357,20.1474
sizer,20.1474,21.2950
sizer,21.2950,21.7486
sizer,21.7486,22.1654
sizer,22.1654,16.6135
sizer,16.6135,19.8944
sizer,19.8944,17.7184
sizer,17.7184,19.2248
sizer,19.2248,19.0573
sizer,19.0573,24.5142
sizer,24.5142,23.7235
sizer,23.7235,21.7529
sizer,21.7529,17.1365
sizer,17.1365,16.2476
sizer,16.2476,13.8338
sizer,13.8338,20.7871
sizer,20.7871,22.7543
sizer,22.7543,16.0630
sizer,16.0630,20.5063
sizer,20.5063,20.5044
sizer,20.5044,20.9151
sizer,20.9151,22.1755
sizer,22.1755,22.5138
sizer,22.5138,22.0898
sizer,22.0898,23.5513
sizer,23.5513,14.0133
sizer,14.0133,20.9089
sizer,20.9089,17.2434
sizer,17.2434,16.3491
sizer,16.3491,23.0092
sizer,23.0092,22.3359
sizer,22.3359,18.9518
sizer,18.9518,22.0491
sizer,22.0491,18.6627
sizer,18.6627,21.5431
sizer,21.5431,27.1210
sizer,27.1210,18.6837
sizer,18.6837,18.0374
sizer,18.0374,18.4423
sizer,18.4423,20.0951
sizer,20.0951,19.8925
sizer,19.8925,21.7508
sizer,21.7508,20.7128
sizer,20.7128,16.3769
sizer,16.3769,21.0493
sizer,21.0493,18.3161
sizer,18.3161,17.2846
sizer,17.2846,17.7712
sizer,17.7712,20.0991
sizer,20.0991,24.3948
sizer,24.3948,21.3430
sizer,21.3430,22.4376
sizer,22.4376,18.9170
sizer,18.9170,22.2052
sizer,22.2052,19.0275
sizer,19.0275,18.1806
sizer,18.1806,18.9633
sizer,18.9633,20.8865
sizer,20.8865,20.3230
sizer,20.3230,19.0365
sizer,19.0365,18.6549
sizer,18.6549,16.4426
sizer,16.4426,18.6533
sizer,18.6533,20.3949
sizer,20.3949,20.3570
sizer,20.3570,19.8983
sizer,19.8983,20.5638
sizer,20.5638,25.0993
sizer,25.0993,18.5199
sizer,18.5199,18.3720
sizer,18.3720,24.0991
sizer,24.0991,17.4451
sizer,17.4451,24.3373
sizer,24.3373,18.4074
sizer,18.4074,20.1346
sizer,20.1346,22.7213
sizer,22.7213,16.6697
sizer,16.6697,23.5779
sizer,23.5779,18.1131
sizer,18.1131,22.2897
sizer,22.2897,27.7121
sizer,27.7121,14.7845
sizer,14.7845,16.0025
sizer,16.0025,18.2904
sizer,18.2904,19.6153
sizer,19.6153,18.2867
sizer,18.2867,21.9742
sizer,21.9742,17.1653
sizer,17.1653,17.1352
sizer,17.1352,13.2965
sizer,13.2965,18.7394
sizer,18.7394,18.5078
sizer,18.5078,20.0535
sizer,20.0535,20.1651
sizer,20.1651,19.1352
sizer,19.1352,21.0958
sizer,21.0958,16.7835
sizer,16.7835,22.5013
sizer,22.5013,18.2432
sizer,18.2432,18.3490
sizer,18.3490,20.5344
sizer,20.5344,18.9732
sizer,18.9732,17.1736
sizer,17.1736,21.4258
sizer,21.4258,20.9443
sizer,20.9443,20.2790
sizer,20.2790,19.3789
sizer,19.3789,19.6701
sizer,19.6701,17.7193
sizer,17.7193,19.3863
sizer,19.3863,16.3540
sizer,16.3540,20.1051
sizer,20.1051,23.0763
sizer,23.0763,17.4686
sizer,17.4686,18.0299
sizer,18.0299,17.1065
sizer,17.1065,18.9417
sizer,18.9417,19.3664
sizer,19.3664,18.2258
sizer,18.2258,20.2642
sizer,20.2642,23.3108
sizer,23.3108,21.6933
sizer,21.6933,18.6595
sizer,18.6595,19.3874
sizer,19.3874,22.2999
sizer,22.2999,22.7534
sizer,22.7534,20.7436
sizer,20.7436,20.8240
sizer,20.8240,17.4500
sizer,17.4500,21.3548
sizer,21.3548,20.4652
sizer,20.4652,21.6917
sizer,21.6917,18.5448
sizer,18.5448,19.4945
sizer,19.4945,17.8128
sizer,17.8128,22.0617
sizer,22.0617,22.0896
sizer,22.0896,19.2656
sizer,19.2656,18.4125
sizer,18.4125,19.8852
sizer,19.8852,21.4735
sizer,21.4735,17.9629
sizer,17.9629,17.9585
sizer,17.9585,18.1222
sizer,18.1222,19.0668
sizer,19.0668,20.0261
sizer,20.0261,22.4206
sizer,22.4206,18.6550
sizer,18.6550,19.7543
sizer,19.7543,18.0959
sizer,18.0959,19.5842
sizer,19.5842,21.4103
sizer,21.4103,17.3033
sizer,17.3033,15.9736
sizer,15.9736,21.3163
sizer,21.3163,20.1682
sizer,20.1682,21.7457
sizer,21.7457,19.1545
sizer,19.1545,21.1301
sizer,21.1301,17.0690
sizer,17.0690,17.7418
sizer,17.7418,17.2144
sizer,17.2144,17.9249
sizer,17.9249,19.0994
sizer,19.0994,17.9888
sizer,17.9888,21.7603
sizer,21.7603,22.4196
sizer,22.4196,24.9905
sizer,24.9905,19.7692
sizer,19.7692,18.2478
sizer,18.2478,17.9359
sizer,17.9359,23.7739
sizer,23.7739,15.0444
sizer,15.0444,12.2737
sizer,12.2737,18.2774
sizer,18.2774,21.5338
sizer,21.5338,19.2601
sizer,19.2601,21.4580
sizer,21.4580,21.9837
sizer,21.9837,18.4413
sizer,18.4413,20.0004
sizer,20.0004,20.9051
sizer,20.9051,20.7022
sizer,20.7022,19.2595
sizer,19.2595,21.3267
sizer,21.3267,17.1046
sizer,17.1046,22.7284
sizer,22.7284,21.4842
sizer,21.4842,19.9569
sizer,19.9569,21.3109
sizer,21.3109,20.2431
sizer,20.2431,20.8384
sizer,20.8384,14.9802
sizer,14.9802,19.6581
sizer,19.6581,13.3924
sizer,13.3924,20.2862
sizer,20.2862,16.0332
sizer,16.0332,16.3869
sizer,16.3869,23.8579
sizer,23.8579,22.1548
sizer,22.1548,21.2216
sizer,21.2216,15.1647
sizer,15.1647,19.3110
sizer,19.3110,19.3392
sizer,19.3392,19.2505
sizer,19.2505,20.1515
sizer,20.1515,21.0894
sizer,21.0894,22.5775
sizer,22.5775,14.5569
sizer,14.5569,19.6427
sizer,19.6427,15.0747
sizer,15.0747,17.3210
sizer,17.3210,20.2002
sizer,20.2002,19.3654
sizer,19.3654,25.4831
sizer,25.4831,17.4253
sizer,17.4253,21.7616
sizer,21.7616,17.0180
sizer,17.0180,18.7273
sizer,18.7273,20.1603
sizer,20.1603,17.6824
sizer,17.6824,20.7618
sizer,20.7618,17.8471
sizer,17.8471,19.5705
sizer,19.5705,20.2411
sizer,20.2411,17.9720
sizer,17.9720,20.4707
sizer,20.4707,19.0604
sizer,19.0604,20.2469
sizer,20.2469,21.5594
sizer,21.5594,19.4233
sizer,19.4233,20.1831
sizer,20.1831,22.8594
sizer,22.8594,22.1180
sizer,22.1180,20.2199
sizer,20.2199,19.8820
sizer,19.8820,23.1797
sizer,23.1797,20.8359
sizer,20.8359,23.3724
sizer,23.3724,19.4264
sizer,19.4264,27.7277
sizer,27.7277,23.2389
sizer,23.2389,22.2401
sizer,22.2401,15.1473
sizer,15.1473,19.6932
sizer,19.6932,18.2846
sizer,18.2846,20.9174
sizer,20.9174,18.5441
sizer,18.5441,21.5991
sizer,21.5991,19.1234
sizer,19.1234,18.0847
sizer,18.0847,18.3346
sizer,18.3346,20.2907
sizer,20.2907,17.7942
sizer,17.7942,21.5218
sizer,21.5218,18.7892
sizer,18.7892,20.5708
sizer,20.5708,19.1088
sizer,19.1088,22.5456
sizer,22.5456,26.4081
sizer,26.4081,20.5997
sizer,20.5997,21.2364
sizer,21.2364,23.2303
sizer,23.2303,19.6092
sizer,19.6092,18.6390
sizer,18.6390,22.4065
sizer,22.4065,20.9653
sizer,20.9653,18.7244
sizer,18.7244,23.1899
sizer,23.1899,17.6058
sizer,17.6058,20.4491
sizer,20.4491,19.9146
sizer,19.9146,18.6332
sizer,18.6332,15.5872
sizer,15.5872,18.5278
sizer,18.5278,17.3221
sizer,17.3221,21.5381
sizer,21.5381,21.6686
sizer,21.6686,16.3578
sizer,16.3578,22.5366
sizer,22.5366,21.0561
sizer,21.0561,16.9015
sizer,16.9015,18.6275
sizer,18.6275,21.3135
sizer,21.3135,21.6152
sizer,21.6152,21.3128
sizer,21.3128,20.3066
sizer,20.3066,20.4121
sizer,20.4121,17.6213
sizer,17.6213,20.2873
sizer,20.2873,20.2846
sizer,20.2846,23.1437
sizer,23.1437,15.1998
sizer,15.1998,20.5782
sizer,20.5782,18.2152
sizer,18.2152,24.5602
sizer,24.5602,20.0233
sizer,20.0233,21.2482
sizer,21.2482,20.9078
sizer,20.9078,22.4182
sizer,22.4182,22.1053
sizer,22.1053,22.7751
sizer,22.7751,19.9627
sizer,19.9627,18.6994
sizer,18.6994,21.3229
sizer,21.3229,19.0454
sizer,19.0454,19.8661
sizer,19.8661,19.3669
sizer,19.3669,21.6728
sizer,21.6728,20.9185
sizer,20.9185,21.7123
sizer,21.7123,19.7107
sizer,19.7107,16.4840
sizer,16.4840,16.1265
sizer,16.1265,20.5571
sizer,20.5571,20.8762
sizer,20.8762,18.8984
sizer,18.8984,16.6165
sizer,16.6165,14.5253
sizer,14.5253,13.3873
sizer,13.3873,20.4237
sizer,20.4237,17.9290
sizer,17.9290,22.2327
sizer,22.2327,18.4802
sizer,18.4802,18.8410
sizer,18.8410,18.6582
sizer,18.6582,20.8743
sizer,20.8743,17.5814
sizer,17.5814,23.6121
sizer,23.6121,22.7113
sizer,22.7113,20.2103
sizer,20.2103,14.5187
sizer,14.5187,15.8626
sizer,15.8626,20.7668
sizer,20.7668,20.7817
sizer,20.7817,21.2539
sizer,21.2539,18.6707
sizer,18.6707,20.6377
sizer,20.6377,19.2813
sizer,19.2813,16.9951
sizer,16.9951,21.2665
sizer,21.2665,20.4281
sizer,20.4281,24.7617
sizer,24.7617,20.9973
sizer,20.9973,21.3712
sizer,21.3712,12.9224
sizer,12.9224,17.7566
sizer,17.7566,19.7139
sizer,19.7139,12.1606
sizer,12.1606,18.8203
sizer,18.8203,17.1447
sizer,17.1447,19.5176
sizer,19.5176,21.2493
sizer,21.2493,18.8057
sizer,18.8057,22.2048
sizer,22.2048,17.9457
sizer,17.9457,19.2711
sizer,19.2711,15.8859
sizer,15.8859,22.7553
sizer,22.7553,15.9167
sizer,15.9167,20.2252
sizer,20.2252,18.8162
sizer,18.8162,15.6999
sizer,15.6999,18.3391
sizer,18.3391,21.5455
sizer,21.5455,14.9632
sizer,14.9632,16.2408
sizer,16.2408,20.3542
sizer,20.3542,20.7700
sizer,20.7700,19.4153
sizer,19.4153,24.1336
sizer,24.1336,14.9629
sizer,14.9629,20.3250
sizer,20.3250,20.3676
sizer,20.3676,26.4466
sizer,26.4466,20.0794
sizer,20.0794,16.3468
sizer,16.3468,18.9164
sizer,18.9164,18.1687
sizer,18.1687,17.7755
sizer,17.7755,25.2086
sizer,25.2086,15.3434
sizer,15.3434,18.8454
sizer,18.8454,25.4705
sizer,25.4705,22.5245
sizer,22.5245,20.8021
sizer,20.8021,18.5725
sizer,18.5725,18.7394
sizer,18.7394,24.2119
sizer,24.2119,15.9168
sizer,15.9168,19.0805
sizer,19.0805,25.5723
sizer,25.5723,19.0999
sizer,19.0999,25.6865
sizer,25.6865,21.6129
sizer,21.6129,18.8992
sizer,18.8992,20.2560
sizer,20.2560,21.2134
sizer,21.2134,20.2168
sizer,20.2168,23.9473
sizer,23.9473,20.3747
sizer,20.3747,20.6853
sizer,20.6853,18.5061
sizer,18.5061,23.1458
sizer,23.1458,21.0369
sizer,21.0369,22.9110
sizer,22.9110,15.5629
sizer,15.5629,19.4184
sizer,19.4184,23.4158
sizer,23.4158,23.6821
sizer,23.6821,17.8178
sizer,17.8178,14.2747
sizer,14.2747,17.2127
sizer,17.2127,21.8480
sizer,21.8480,20.2261
sizer,20.2261,18.4844
sizer,18.4844,16.0538
sizer,16.0538,20.5035
sizer,20.5035,16.1218
sizer,16.1218,17.4041
sizer,17.4041,22.5738
sizer,22.5738,17.5951
sizer,17.5951,21.7979
sizer,21.7979,21.5828
sizer,21.5828,17.8270
sizer,17.8270,20.1699
sizer,20.1699,17.4173
sizer,17.4173,20.3010
sizer,20.3010,17.7504
sizer,17.7504,24.3381
sizer,24.3381,21.0740
sizer,21.0740,23.9557
sizer,23.9557,22.8629
sizer,22.8629,22.5721
sizer,22.5721,19.4898
sizer,19.4898,17.5568
sizer,17.5568,17.2174
sizer,17.2174,18.8201
sizer,18.8201,16.3871
sizer,16.3871,20.2567
sizer,20.2567,20.0234
sizer,20.0234,15.9336
sizer,15.9336,19.7513
sizer,19.7513,21.8489
sizer,21.8489,22.4235
sizer,22.4235,17.9801
sizer,17.9801,20.9595
sizer,20.9595,17.0585
sizer,17.0585,16.7460
sizer,16.7460,23.0775
sizer,23.0775,20.1951
sizer,20.1951,17.9210
sizer,17.9210,19.3698
sizer,19.3698,18.9841
sizer,18.9841,21.7977
sizer,21.7977,18.0112
sizer,18.0112,16.5913
sizer,16.5913,19.8633
sizer,19.8633,20.6939
sizer,20.6939,17.0882
sizer,17.0882,17.6388
sizer,17.6388,19.7696
sizer,19.7696,19.2819
sizer,19.2819,16.8754
sizer,16.8754,18.0953
sizer,18.0953,21.2261
sizer,21.2261,21.9964
sizer,21.9964,17.9223
sizer,17.9223,23.2064
sizer,23.2064,16.9188
sizer,16.9188,16.9961
sizer,16.9961,22.8383
sizer,22.8383,18.5323
sizer,18.5323,22.9713
sizer,22.9713,22.4129
sizer,22.4129,19.9181
sizer,19.9181,19.3163
sizer,19.3163,22.8612
sizer,22.8612,25.5919
sizer,25.5919,24.2742
sizer,24.2742,19.8083
sizer,19.8083,21.6269
sizer,21.6269,23.9163
sizer,23.9163,18.3824
sizer,18.3824,18.8357
sizer,18.8357,18.5788
sizer,18.5788,23.9869
sizer,23.9869,18.4922
sizer,18.4922,21.2193
sizer,21.2193,23.5666
sizer,23.5666,18.7596
sizer,18.7596,19.2550
sizer,19.2550,18.6239
sizer,18.6239,21.9469
sizer,21.9469,18.7600
sizer,18.7600,20.2362
sizer,20.2362,17.5466
sizer,17.5466,21.7674
sizer,21.7674,17.7689
sizer,17.7689,19.4097
sizer,19.4097,21.8759
sizer,21.8759,21.3878
sizer,21.3878,26.3422
sizer,26.3422,22.3050
sizer,22.3050,18.7640
sizer,18.7640,15.5976
sizer,15.5976,21.8283
sizer,21.8283,20.2411
sizer,20.2411,19.5887
sizer,19.5887,15.7939
sizer,15.7939,22.7105
sizer,22.7105,19.4731
sizer,19.4731,20.7204
sizer,20.7204,19.6848
sizer,19.6848,22.0927
sizer,22.0927,19.1447
sizer,19.1447,21.0985
sizer,21.0985,20.0476
sizer,20.0476,21.2093
sizer,21.2093,17.8586
sizer,17.8586,20.4274
sizer,20.4274,17.8989
sizer,17.8989,19.1741
sizer,19.1741,23.3133
sizer,23.3133,21.4834
sizer,21.4834,21.9789
sizer,21.9789,24.9092
sizer,24.9092,22.7460
sizer,22.7460,18.1289
sizer,18.1289,20.2744
sizer,20.2744,17.6619
sizer,17.6619,22.5100
sizer,22.5100,22.8817
sizer,22.8817,18.8930
sizer,18.8930,18.9534
sizer,18.9534,21.6734
sizer,21.6734,13.8126
sizer,13.8126,21.6679
sizer,21.6679,19.8447
sizer,19.8447,23.4432
sizer,23.4432,24.6050
sizer,24.6050,18.9131
sizer,18.9131,15.1590
sizer,15.1590,18.7382
sizer,18.7382,19.1357
sizer,19.1357,20.5711
sizer,20.5711,21.3544
sizer,21.3544,18.5835
sizer,18.5835,20.2443
sizer,20.2443,18.7019
sizer,18.7019,22.3100
sizer,22.3100,20.5744
sizer,20.5744,19.6312
sizer,19.6312,20.3239
sizer,20.3239,20.8024
sizer,20.8024,19.7454
sizer,19.7454,17.9343
sizer,17.9343,17.0102
sizer,17.0102,18.3829
sizer,18.3829,17.5368
sizer,17.5368,20.8001
sizer,20.8001,18.0487
sizer,18.0487,17.6506
sizer,17.6506,24.0612
sizer,24.0612,23.5802
sizer,23.5802,23.3982
sizer,23.3982,20.8073
sizer,20.8073,22.3316
sizer,22.3316,20.8624
sizer,20.8624,16.7499
sizer,16.7499,21.9893
sizer,21.9893,23.2405
sizer,23.2405,23.1432
sizer,23.1432,23.0862
sizer,23.0862,19.6177
sizer,19.6177,18.9047
sizer,18.9047,21.1869
sizer,21.1869,20.7618
sizer,20.7618,22.1238
sizer,22.1238,23.1463
sizer,23.1463,19.8101
sizer,19.8101,23.4179
sizer,23.4179,19.7029
sizer,19.7029,22.7057
sizer,22.7057,19.7059
adder,20.3918,17.9334
adder,17.9334,21.4355
adder,21.4355,21.7351
adder,21.7351,20.9724
adder,20.9724,22.4841
adder,22.4841,21.7617
adder,21.7617,18.8669
adder,18.8669,19.5508
adder,19.5508,19.5533
adder,19.5533,18.5866
adder,18.5866,17.1332
adder,17.1332,18.2518
adder,18.2518,22.4232
adder,22.4232,20.7288
adder,20.7288,21.3897
adder,21.3897,19.1859
adder,19.1859,18.4537
adder,18.4537,18.4885
adder,18.4885,18.1610
adder,18.1610,17.1558
adder,17.1558,16.8133
adder,16.8133,20.3641
adder,20.3641,21.6326
adder,21.6326,22.6022
adder,22.6022,19.5645
adder,19.5645,21.1236
adder,21.1236,18.5410
adder,18.5410,20.2177
adder,20.2177,21.1337
adder,21.1337,22.4384
adder,22.4384,23.9211
adder,23.9211,19.9025
adder,19.9025,20.3541
adder,20.3541,17.6837
adder,17.6837,19.7367
adder,19.7367,22.5339
adder,22.5339,21.5943
adder,21.5943,22.8348
adder,22.8348,17.9416
adder,17.9416,17.6817
adder,17.6817,17.7513
adder,17.7513,18.9316
adder,18.9316,19.2029
adder,19.2029,19.2783
adder,19.2783,17.0835
adder,17.0835,18.0464
adder,18.0464,19.7935
adder,19.7935,18.6904
adder,18.6904,22.9176
adder,22.9176,22.0268
adder,22.0268,15.8346
adder,15.8346,20.4156
adder,20.4156,20.3045
adder,20.3045,18.0027
adder,18.0027,17.9674
adder,17.9674,20.5150
adder,20.5150,19.8083
adder,19.8083,21.3399
adder,21.3399,21.3890
adder,21.3890,18.9748
adder,18.9748,20.6694
adder,20.6694,21.3688
adder,21.3688,22.7994
adder,22.7994,17.0049
adder,17.0049,17.7712
adder,17.7712,19.4835
adder,19.4835,17.8993
adder,17.8993,15.4195
adder,15.4195,16.9447
adder,16.9447,14.2476
adder,14.2476,16.8738
adder,16.8738,18.7761
adder,18.7761,17.3430
adder,17.3430,19.1444
adder,19.1444,22.3753
adder,22.3753,22.2555
adder,22.2555,22.7305
adder,22.7305,19.9097
adder,19.9097,19.1541
adder,19.1541,16.4776
adder,16.4776,14.9745
adder,14.9745,15.2310
adder,15.2310,16.7731
adder,16.7731,17.7979
adder,17.7979,15.4608
adder,15.4608,16.6932
adder,16.6932,20.8980
adder,20.8980,17.6513
adder,17.6513,20.9003
adder,20.9003,22.1126
adder,22.1126,23.8277
adder,23.8277,25.1340
adder,25.1340,25.0974
adder,25.0974,18.9442
adder,18.9442,20.3290
adder,20.3290,24.8303
adder,24.8303,24.3409
adder,24.3409,25.5843
adder,25.5843,28.6334
adder,28.6334,24.0773
adder,24.0773,18.3861
adder,18.3861,18.2955
adder,18.2955,16.2398
adder,16.2398,20.4014
adder,20.4014,18.7379
adder,18.7379,18.7950
adder,18.7950,19.6238
adder,19.6238,19.2790
adder,19.2790,15.7515
adder,15.7515,15.7885
adder,15.7885,15.4616
adder,15.4616,18.9453
adder,18.9453,22.1113
adder,22.1113,25.8732
adder,25.8732,21.0762
adder,21.0762,22.1685
adder,22.1685,18.9275
adder,18.9275,19.4623
adder,19.4623,16.4801
adder,16.4801,19.3347
adder,19.3347,16.4964
adder,16.4964,21.0192
adder,21.0192,18.7611
adder,18.7611,15.9579
adder,15.9579,15.9003
adder,15.9003,17.6335
adder,17.6335,19.9873
adder,19.9873,18.6847
adder,18.6847,19.3038
adder,19.3038,20.6490
adder,20.6490,21.0459
adder,21.0459,17.8413
adder,17.8413,20.3185
adder,20.3185,17.0830
adder,17.0830,19.7896
adder,19.7896,19.5996
adder,19.5996,22.7934
adder,22.7934,21.8550
adder,21.8550,16.0106
adder,16.0106,17.6503
adder,17.6503,19.0749
adder,19.0749,15.8430
adder,15.8430,17.4347
adder,17.4347,15.6636
adder,15.6636,18.2366
adder,18.2366,16.4555
adder,16.4555,17.2040
adder,17.2040,17.9493
adder,17.9493,14.2192
adder,14.2192,15.8848
adder,15.8848,14.7634
adder,14.7634,19.8552
adder,19.8552,17.9177
adder,17.9177,18.2774
adder,18.2774,18.3805
adder,18.3805,16.2561
adder,16.2561,19.0519
adder,19.0519,21.8096
adder,21.8096,18.8033
adder,18.8033,16.9919
adder,16.9919,15.4897
adder,15.4897,20.0326
adder,20.0326,21.1209
adder,21.1209,19.2046
adder,19.2046,19.5833
adder,19.5833,23.0029
adder,23.0029,19.7887
adder,19.7887,18.7314
adder,18.7314,15.3983
adder,15.3983,15.3920
adder,15.3920,16.7995
adder,16.7995,21.3978
adder,21.3978,21.8980
adder,21.8980,23.7591
adder,23.7591,20.2186
adder,20.2186,18.9622
adder,18.9622,16.6246
adder,16.6246,15.2514
adder,15.2514,19.4586
adder,19.4586,19.8522
adder,19.8522,20.3519
adder,20.3519,18.0258
adder,18.0258,22.3417
adder,22.3417,20.9009
adder,20.9009,18.1573
adder,18.1573,17.8472
adder,17.8472,23.1148
adder,23.1148,25.6579
adder,25.6579,20.9370
adder,20.9370,21.8937
adder,21.8937,19.6442
adder,19.6442,19.9130
adder,19.9130,16.0964
adder,16.0964,21.7584
adder,21.7584,21.0577
adder,21.0577,18.9710
adder,18.9710,16.1964
adder,16.1964,21.4014
adder,21.4014,23.2415
adder,23.2415,19.0545
adder,19.0545,20.5609
adder,20.5609,19.8123
adder,19.8123,19.3494
adder,19.3494,18.8014
adder,18.8014,20.3260
adder,20.3260,16.7310
adder,16.7310,16.5810
adder,16.5810,20.2291
adder,20.2291,19.8303
adder,19.8303,23.8328
adder,23.8328,18.4017
adder,18.4017,19.6108
adder,19.6108,21.1049
adder,21.1049,21.3625
adder,21.3625,17.4060
adder,17.4060,17.5826
adder,17.5826,19.3247
adder,19.3247,21.3802
adder,21.3802,25.0285
adder,25.0285,23.6610
adder,23.6610,23.4675
adder,23.4675,23.4018
adder,23.4018,23.3022
adder,23.3022,20.8403
adder,20.8403,15.1267
adder,15.1267,19.6440
adder,19.6440,21.6449
adder,21.6449,19.0494
adder,19.0494,19.7267
adder,19.7267,20.3213
adder,20.3213,21.8707
adder,21.8707,22.1814
adder,22.1814,25.2434
adder,25.2434,22.7569
adder,22.7569,25.9634
adder,25.9634,26.0471
adder,26.0471,20.2700
adder,20.2700,18.3220
adder,18.3220,19.0893
adder,19.0893,20.2076
adder,20.2076,22.0177
adder,22.0177,19.9919
adder,19.9919,23.5131
adder,23.5131,17.5707
adder,17.5707,16.0895
adder,16.0895,14.5450
adder,14.5450,17.1575
adder,17.1575,20.1785
adder,20.1785,18.3203
adder,18.3203,22.1593
adder,22.1593,25.4408
adder,25.4408,25.1780
adder,25.1780,16.8802
adder,16.8802,14.4977
adder,14.4977,16.6078
adder,16.6078,20.6760
adder,20.6760,20.6661
adder,20.6661,20.1667
adder,20.1667,19.7779
adder,19.7779,18.1992
adder,18.1992,19.9638
adder,19.9638,18.8920
adder,18.8920,20.5035
adder,20.5035,18.9805
adder,18.9805,19.3882
adder,19.3882,21.5070
adder,21.5070,24.2715
adder,24.2715,22.8876
adder,22.8876,21.5899
adder,21.5899,19.8111
adder,19.8111,15.5614
adder,15.5614,19.9222
adder,19.9222,21.3999
adder,21.3999,17.4716
adder,17.4716,18.8103
adder,18.8103,20.3627
adder,20.3627,19.7383
adder,19.7383,19.7891
adder,19.7891,18.9039
adder,18.9039,21.7912
adder,21.7912,19.3143
adder,19.3143,22.7466
adder,22.7466,18.6382
adder,18.6382,16.3583
adder,16.3583,18.2951
adder,18.2951,14.7034
adder,14.7034,20.4101
adder,20.4101,19.7437
adder,19.7437,20.6288
adder,20.6288,22.0200
adder,22.0200,18.8229
adder,18.8229,21.7838
adder,21.7838,20.8335
adder,20.8335,15.9830
adder,15.9830,19.4961
adder,19.4961,16.3772
adder,16.3772,15.3034
adder,15.3034,15.0437
adder,15.0437,19.1279
adder,19.1279,18.6675
adder,18.6675,17.9420
adder,17.9420,21.0948
adder,21.0948,23.2726
adder,23.2726,16.5713
adder,16.5713,14.6984
adder,14.6984,15.3161
adder,15.3161,19.4518
adder,19.4518,15.6906
adder,15.6906,17.9009
adder,17.9009,21.3506
adder,21.3506,20.1943
adder,20.1943,20.6627
adder,20.6627,19.5817
adder,19.5817,17.8323
adder,17.8323,16.9834
adder,16.9834,19.8522
adder,19.8522,16.4229
adder,16.4229,15.2396
adder,15.2396,19.3508
adder,19.3508,20.2110
adder,20.2110,18.7274
adder,18.7274,24.1672
adder,24.1672,22.3363
adder,22.3363,18.2552
adder,18.2552,18.6599
adder,18.6599,20.0494
adder,20.0494,22.0643
adder,22.0643,19.6111
adder,19.6111,17.8488
adder,17.8488,18.4660
adder,18.4660,21.5357
adder,21.5357,23.5689
adder,23.5689,24.8302
adder,24.8302,24.8723
adder,24.8723,19.9009
adder,19.9009,18.6940
adder,18.6940,18.6628
adder,18.6628,11.7406
adder,11.7406,18.9138
adder,18.9138,19.6707
adder,19.6707,19.6577
adder,19.6577,17.9191
adder,17.9191,16.3411
adder,16.3411,17.7077
adder,17.7077,21.3964
adder,21.3964,19.3688
adder,19.3688,15.4860
adder,15.4860,18.5074
adder,18.5074,19.8101
adder,19.8101,16.1073
adder,16.1073,19.9643
adder,19.9643,17.9587
adder,17.9587,23.0121
adder,23.0121,22.1155
adder,22.1155,22.0634
adder,22.0634,23.7898
adder,23.7898,24.0990
adder,24.0990,24.6499
adder,24.6499,16.0241
adder,16.0241,16.1655
adder,16.1655,17.6601
adder,17.6601,19.0672
adder,19.0672,19.4612
adder,19.4612,17.3348
adder,17.3348,14.6171
adder,14.6171,18.1496
adder,18.1496,19.0457
adder,19.0457,21.2326
adder,21.2326,17.7112
adder,17.7112,15.6851
adder,15.6851,20.2617
adder,20.2617,18.3184
adder,18.3184,18.4766
adder,18.4766,17.0905
adder,17.0905,17.5054
adder,17.5054,19.9644
adder,19.9644,14.8103
adder,14.8103,18.5772
adder,18.5772,18.7449
adder,18.7449,19.3649
adder,19.3649,19.0060
adder,19.0060,19.7358
adder,19.7358,20.7833
adder,20.7833,21.4238
adder,21.4238,16.6080
adder,16.6080,17.1797
adder,17.1797,14.1355
adder,14.1355,15.5441
adder,15.5441,16.0006
adder,16.0006,17.5290
adder,17.5290,18.1407
adder,18.1407,21.1330
adder,21.1330,18.3615
adder,18.3615,19.1500
adder,19.1500,17.6005
adder,17.6005,17.7580
adder,17.7580,16.5544
adder,16.5544,16.4035
adder,16.4035,17.1262
adder,17.1262,19.9362
adder,19.9362,19.2466
adder,19.2466,18.7909
adder,18.7909,21.0391
adder,21.0391,22.2796
adder,22.2796,20.0488
adder,20.0488,20.6101
adder,20.6101,19.4937
adder,19.4937,20.7908
adder,20.7908,18.2444
adder,18.2444,20.8405
adder,20.8405,20.2128
adder,20.2128,20.0668
adder,20.0668,21.3808
adder,21.3808,23.9252
adder,23.9252,20.3043
adder,20.3043,20.8191
adder,20.8191,16.6730
adder,16.6730,18.6077
adder,18.6077,19.4145
adder,19.4145,17.1125
adder,17.1125,15.9718
adder,15.9718,16.5608
adder,16.5608,14.9482
adder,14.9482,16.9808
adder,16.9808,17.4749
adder,17.4749,16.2897
adder,16.2897,21.4423
adder,21.4423,23.8228
adder,23.8228,21.2646
adder,21.2646,18.9931
adder,18.9931,19.5155
adder,19.5155,18.8202
adder,18.8202,17.4385
adder,17.4385,19.0981
adder,19.0981,18.1974
adder,18.1974,23.1189
adder,23.1189,20.9219
adder,20.9219,20.8194
adder,20.8194,23.7396
adder,23.7396,20.5254
adder,20.5254,19.1140
adder,19.1140,24.1981
adder,24.1981,26.2246
adder,26.2246,22.4397
adder,22.4397,17.6974
adder,17.6974,20.3593
adder,20.3593,18.0224
adder,18.0224,22.0746
adder,22.0746,21.1947
adder,21.1947,23.4988
adder,23.4988,22.8201
adder,22.8201,23.5699
adder,23.5699,19.4195
adder,19.4195,19.0949
adder,19.0949,16.4147
adder,16.4147,17.5464
adder,17.5464,18.2571
adder,18.2571,20.7170
adder,20.7170,20.9868
adder,20.9868,18.9286
adder,18.9286,21.1771
adder,21.1771,21.9071
adder,21.9071,17.2985
adder,17.2985,19.5672
adder,19.5672,16.6906
adder,16.6906,20.1273
adder,20.1273,18.8986
adder,18.8986,19.5575
adder,19.5575,19.9466
adder,19.9466,20.3791
adder,20.3791,29.4093
adder,29.4093,30.7896
adder,30.7896,25.6848
adder,25.6848,21.0702
adder,21.0702,17.8775
adder,17.8775,22.9727
adder,22.9727,23.5296
adder,23.5296,25.0012
adder,25.0012,22.7380
adder,22.7380,22.9676
adder,22.9676,23.7240
adder,23.7240,22.3306
adder,22.3306,23.2198
adder,23.2198,22.1792
adder,22.1792,20.1584
adder,20.1584,16.9520
adder,16.9520,19.2640
adder,19.2640,20.7522
adder,20.7522,19.4129
adder,19.4129,16.1469
adder,16.1469,21.5161
adder,21.5161,21.9271
adder,21.9271,18.1938
adder,18.1938,17.3691
adder,17.3691,18.0139
adder,18.0139,21.3887
adder,21.3887,20.7047
adder,20.7047,19.7860
adder,19.7860,21.8944
adder,21.8944,20.7469
adder,20.7469,18.3760
adder,18.3760,18.9069
adder,18.9069,19.4616
adder,19.4616,17.0209
adder,17.0209,18.4149
adder,18.4149,16.9566
adder,16.9566,19.6876
adder,19.6876,21.3518
adder,21.3518,21.9322
adder,21.9322,21.2670
adder,21.2670,22.2311
adder,22.2311,19.6280
adder,19.6280,21.0364
adder,21.0364,21.3986
adder,21.3986,20.5945
adder,20.5945,19.3263
adder,19.3263,17.8310
adder,17.8310,18.2980
adder,18.2980,22.3885
adder,22.3885,24.1932
adder,24.1932,21.0771
adder,21.0771,22.0992
adder,22.0992,18.5737
adder,18.5737,22.0260
adder,22.0260,17.8920
adder,17.8920,17.3005
adder,17.3005,17.5058
adder,17.5058,19.3791
adder,19.3791,20.1401
adder,20.1401,15.3379
adder,15.3379,17.6986
adder,17.6986,19.1977
adder,19.1977,19.6083
adder,19.6083,21.6948
adder,21.6948,22.8452
adder,22.8452,18.3043
adder,18.3043,18.6498
adder,18.6498,19.9404
adder,19.9404,25.2921
adder,25.2921,23.3678
adder,23.3678,22.4798
adder,22.4798,23.2047
adder,23.2047,20.9958
adder,20.9958,21.3021
adder,21.3021,21.0664
adder,21.0664,21.8929
adder,21.8929,23.7356
adder,23.7356,21.0433
adder,21.0433,22.1397
adder,22.1397,23.2801
adder,23.2801,22.2582
adder,22.2582,23.0200
adder,23.0200,25.5359
adder,25.5359,20.8824
adder,20.8824,25.1435
adder,25.1435,25.1762
adder,25.1762,23.8326
adder,23.8326,20.5448
adder,20.5448,20.3375
adder,20.3375,17.8399
adder,17.8399,17.9883
adder,17.9883,20.8004
adder,20.8004,22.4934
adder,22.4934,15.5124
adder,15.5124,22.4375
adder,22.4375,25.2901
adder,25.2901,21.0666
adder,21.0666,21.2117
adder,21.2117,18.4757
adder,18.4757,20.0009
adder,20.0009,21.4183
adder,21.4183,26.9318
adder,26.9318,26.1793
adder,26.1793,25.7372
adder,25.7372,20.5749
adder,20.5749,20.9737
adder,20.9737,20.0514
adder,20.0514,21.2885
adder,21.2885,20.4263
adder,20.4263,18.4881
adder,18.4881,21.8300
adder,21.8300,21.7412
adder,21.7412,23.4270
adder,23.4270,19.5348
adder,19.5348,21.2114
adder,21.2114,19.4136
adder,19.4136,17.2474
adder,17.2474,14.3084
adder,14.3084,17.7266
adder,17.7266,18.7541
adder,18.7541,15.8036
adder,15.8036,15.2575
adder,15.2575,18.0330
adder,18.0330,21.4640
adder,21.4640,16.6874
adder,16.6874,15.4015
adder,15.4015,19.6883
adder,19.6883,17.7664
adder,17.7664,18.2836
adder,18.2836,22.3652
adder,22.3652,21.4816
adder,21.4816,20.3623
adder,20.3623,16.4361
adder,16.4361,17.5717
adder,17.5717,15.8264
adder,15.8264,20.7876
adder,20.7876,20.9477
adder,20.9477,20.6379
adder,20.6379,21.1909
adder,21.1909,20.4167
adder,20.4167,17.2496
adder,17.2496,19.2579
adder,19.2579,19.4972
adder,19.4972,21.1662
adder,21.1662,20.7348
adder,20.7348,21.6862
adder,21.6862,22.6654
adder,22.6654,23.6424
adder,23.6424,18.1263
adder,18.1263,18.9625
adder,18.9625,17.2588
adder,17.2588,17.9073
adder,17.9073,18.0603
adder,18.0603,23.3254
adder,23.3254,25.6958
adder,25.6958,24.8504
adder,24.8504,19.2145
adder,19.2145,15.9285
adder,15.9285,12.4257
adder,12.4257,16.8509
adder,16.8509,20.9629
adder,20.9629,16.4497
adder,16.4497,18.6862
adder,18.6862,19.8310
adder,19.8310,20.8267
adder,20.8267,22.6339
adder,22.6339,23.9963
adder,23.9963,24.2967
adder,24.2967,26.0812
adder,26.0812,16.1437
adder,16.1437,18.8932
adder,18.8932,16.7662
adder,16.7662,15.0274
adder,15.0274,20.1488
adder,20.1488,22.4190
adder,22.4190,20.0979
adder,20.0979,22.1030
adder,22.1030,19.6439
adder,19.6439,21.3513
adder,21.3513,28.0372
adder,28.0372,22.4378
adder,22.4378,19.1367
adder,19.1367,18.0443
adder,18.0443,19.1126
adder,19.1126,19.4512
adder,19.4512,21.4523
adder,21.4523,21.4648
adder,21.4648,16.9767
adder,16.9767,19.4583
adder,19.4583,18.0681
adder,18.0681,16.4498
adder,16.4498,16.1939
adder,16.1939,18.1867
adder,18.1867,23.2889
adder,23.2889,23.0979
adder,23.0979,24.1753
adder,24.1753,20.8916
adder,20.8916,22.7002
adder,22.7002,20.3119
adder,20.3119,18.3224
adder,18.3224,18.1680
adder,18.1680,19.9299
adder,19.9299,20.2873
adder,20.2873,19.1733
adder,19.1733,18.2693
adder,18.2693,15.7312
adder,15.7312,16.6627
adder,16.6627,18.6933
adder,18.6933,19.6919
adder,19.6919,19.7450
adder,19.7450,20.4327
adder,20.4327,25.3708
adder,25.3708,21.0066
adder,21.0066,18.8343
adder,18.8343,23.3968
adder,23.3968,18.9266
adder,18.9266,23.6842
adder,23.6842,20.1028
adder,20.1028,20.1864
adder,20.1864,22.8272
adder,22.8272,17.8479
adder,17.8479,22.3094
adder,22.3094,19.1589
adder,19.1589,21.8210
adder,21.8210,28.9737
adder,28.9737,18.1014
adder,18.1014,15.2429
adder,15.2429,16.1151
adder,16.1151,17.7102
adder,17.7102,17.2399
adder,17.2399,20.4579
adder,20.4579,17.3618
adder,17.3618,16.0051
adder,16.0051,11.9686
adder,11.9686,14.9768
adder,14.9768,16.1836
adder,16.1836,18.1401
adder,18.1401,19.2275
adder,19.2275,18.7657
adder,18.7657,20.4448
adder,20.4448,16.9702
adder,16.9702,20.7970
adder,20.7970,18.6067
adder,18.6067,17.7098
adder,17.7098,19.3587
adder,19.3587,18.6690
adder,18.6690,16.6022
adder,16.6022,19.6058
adder,19.6058,20.7378
adder,20.7378,20.6531
adder,20.6531,19.6953
adder,19.6953,19.5203
adder,19.5203,17.5068
adder,17.5068,18.1780
adder,18.1780,15.6091
adder,15.6091,17.8981
adder,17.8981,21.8636
adder,21.8636,18.2824
adder,18.2824,17.2557
adder,17.2557,15.9329
adder,15.9329,17.0158
adder,17.0158,17.9215
adder,17.9215,17.2787
adder,17.2787,18.8856
adder,18.8856,22.6613
adder,22.6613,23.1366
adder,23.1366,20.1227
adder,20.1227,19.4468
adder,19.4468,21.9915
adder,21.9915,23.8862
adder,23.8862,22.7590
adder,22.7590,22.2604
adder,22.2604,18.4361
adder,18.4361,20.5199
adder,20.5199,20.7312
adder,20.7312,22.0882
adder,22.0882,19.5130
adder,19.5130,19.2571
adder,19.2571,17.4820
adder,17.4820,20.6729
adder,20.6729,22.4612
adder,22.4612,20.4510
adder,20.4510,18.6201
adder,18.6201,19.1992
adder,19.1992,21.0436
adder,21.0436,18.4316
adder,18.4316,17.2543
adder,17.2543,16.8782
adder,16.8782,17.5788
adder,17.5788,18.8139
adder,18.8139,21.7558
adder,21.7558,19.4739
adder,19.4739,19.4945
adder,19.4945,17.8672
adder,17.8672,18.5399
adder,18.5399,20.6288
adder,20.6288,17.5753
adder,17.5753,15.0053
adder,15.0053,18.6546
adder,18.6546,19.4898
adder,19.4898,21.4683
adder,21.4683,19.8577
adder,19.8577,21.0549
adder,21.0549,17.5191
adder,17.5191,16.6414
adder,16.6414,15.7690
adder,15.7690,16.0289
adder,16.0289,17.2033
adder,17.2033,16.7311
adder,16.7311,19.9820
adder,19.9820,22.4095
adder,22.4095,26.4958
adder,26.4958,22.9797
adder,22.9797,19.6071
adder,19.6071,17.7597
adder,17.7597,22.4424
adder,22.4424,15.9630
adder,15.9630,11.0350
adder,11.0350,14.1810
adder,14.1810,18.4012
adder,18.4012,18.4902
adder,18.4902,20.6481
adder,20.6481,22.3399
adder,22.3399,19.5201
adder,19.5201,19.7604
adder,19.7604,20.7799
adder,20.7799,21.1058
adder,21.1058,19.7919
adder,19.7919,21.2157
adder,21.2157,17.6244
adder,17.6244,21.3786
adder,21.3786,22.2247
adder,22.2247,21.0668
adder,21.0668,21.8793
adder,21.8793,21.1941
adder,21.1941,21.4605
adder,21.4605,15.5272
adder,15.5272,17.4599
adder,17.4599,12.5420
adder,12.5420,16.5039
adder,16.5039,14.6318
adder,14.6318,14.1877
adder,14.1877,20.3911
adder,20.3911,22.3714
adder,22.3714,22.4797
adder,22.4797,16.1048
adder,16.1048,17.4305
adder,17.4305,18.0969
adder,18.0969,18.3346
adder,18.3346,19.3125
adder,19.3125,20.7269
adder,20.7269,22.9878
adder,22.9878,15.6442
adder,15.6442,17.5038
adder,17.5038,14.1340
adder,14.1340,14.7809
adder,14.7809,17.5645
adder,17.5645,18.1863
adder,18.1863,24.3276
adder,24.3276,19.3106
adder,19.3106,21.3865
adder,21.3865,17.6079
adder,17.6079,17.6073
adder,17.6073,18.9544
adder,18.9544,17.2202
adder,17.2202,19.3189
adder,19.3189,17.5432
adder,17.5432,18.3685
adder,18.3685,19.4155
adder,19.4155,17.7094
adder,17.7094,19.2984
adder,19.2984,18.7261
adder,18.7261,19.6021
adder,19.6021,21.3449
adder,21.3449,20.0764
adder,20.0764,20.2216
adder,20.2216,22.9860
adder,22.9860,23.7691
adder,23.7691,22.1252
adder,22.1252,20.9384
adder,20.9384,23.7235
adder,23.7235,22.7755
adder,22.7755,24.9941
adder,24.9941,21.8519
adder,21.8519,29.0114
adder,29.0114,28.4743
adder,28.4743,26.9518
adder,26.9518,17.7799
adder,17.7799,18.6002
adder,18.6002,17.6447
adder,17.6447,19.6857
adder,19.6857,18.3984
adder,18.3984,20.7343
adder,20.7343,19.4744
adder,19.4744,17.8471
adder,17.8471,17.3478
adder,17.3478,18.9453
adder,18.9453,17.3250
adder,17.3250,20.0825
adder,20.0825,18.8279
adder,18.8279,19.9681
adder,19.9681,19.0935
adder,19.0935,22.0347
adder,22.0347,27.7514
adder,27.7514,24.5916
adder,24.5916,23.6741
adder,23.6741,25.3640
adder,25.3640,22.2389
adder,22.2389,19.6823
adder,19.6823,22.2286
adder,22.2286,22.1334
adder,22.1334,19.7231
adder,19.7231,23.0294
adder,23.0294,18.9392
adder,18.9392,19.9068
adder,19.9068,19.8682
adder,19.8682,18.5718
adder,18.5718,15.0307
adder,15.0307,16.2260
adder,16.2260,15.6878
adder,15.6878,19.2161
adder,19.2161,21.2440
adder,21.2440,16.8665
adder,16.8665,20.7711
adder,20.7711,21.4620
adder,21.4620,17.5192
adder,17.5192,17.4722
adder,17.4722,19.9666
adder,19.9666,21.5972
adder,21.5972,22.1639
adder,22.1639,21.4051
adder,21.4051,21.1292
adder,21.1292,18.1187
adder,18.1187,19.3332
adder,19.3332,19.9465
adder,19.9465,23.1127
adder,23.1127,16.3826
adder,16.3826,18.7172
adder,18.7172,17.6311
adder,17.6311,23.1056
adder,23.1056,21.5779
adder,21.5779,22.0864
adder,22.0864,21.9984
adder,21.9984,23.5382
adder,23.5382,24.0607
adder,24.0607,25.0871
adder,25.0871,22.5015
adder,22.5015,19.8689
adder,19.8689,21.2530
adder,21.2530,19.6420
adder,19.6420,19.6882
adder,19.6882,19.2159
adder,19.2159,21.2479
adder,21.2479,21.5711
adder,21.5711,22.5651
adder,22.5651,20.9747
adder,20.9747,16.8856
adder,16.8856,14.8709
adder,14.8709,17.9212
adder,17.9212,19.7913
adder,19.7913,18.7997
adder,18.7997,16.1179
adder,16.1179,13.1156
adder,13.1156,11.0832
adder,11.0832,15.8708
adder,15.8708,16.0782
adder,16.0782,20.0529
adder,20.0529,18.5046
adder,18.5046,18.1366
adder,18.1366,17.7890
adder,17.7890,19.7204
adder,19.7204,17.4585
adder,17.4585,22.1118
adder,22.1118,23.9104
adder,23.9104,22.1861
adder,22.1861,15.3122
adder,15.3122,14.0035
adder,14.0035,17.6536
adder,17.6536,19.5626
adder,19.5626,21.0215
adder,21.0215,19.1475
adder,19.1475,20.1978
adder,20.1978,19.3766
adder,19.3766,16.7303
adder,16.7303,19.5281
adder,19.5281,20.1871
adder,20.1871,24.8776
adder,24.8776,23.5577
adder,23.5577,23.2720
adder,23.2720,13.9795
adder,13.9795,15.0840
adder,15.0840,17.2911
adder,17.2911,11.3370
adder,11.3370,14.7443
adder,14.7443,14.8920
adder,14.8920,17.0253
adder,17.0253,19.6690
adder,19.6690,18.6501
adder,18.6501,21.4555
adder,21.4555,18.5987
adder,18.5987,18.5960
adder,18.5960,15.3283
adder,15.3283,20.0977
adder,20.0977,15.9556
adder,15.9556,18.1802
adder,18.1802,17.9602
adder,17.9602,14.8993
adder,14.8993,16.0005
adder,16.0005,19.3913
adder,19.3913,14.7354
adder,14.7354,14.1032
adder,14.1032,17.3536
adder,17.3536,19.3958
adder,19.3958,19.1220
adder,19.1220,23.6039
adder,23.6039,16.3110
adder,16.3110,18.4506
adder,18.4506,19.5787
adder,19.5787,26.1681
adder,26.1681,23.1757
adder,23.1757,17.6446
adder,17.6446,17.8025
adder,17.8025,17.1705
adder,17.1705,16.5182
adder,16.5182,23.0143
adder,23.0143,16.4996
adder,16.4996,17.1962
adder,17.1962,23.6851
adder,23.6851,24.5996
adder,24.5996,23.1941
adder,23.1941,20.0556
adder,20.0556,18.7655
adder,18.7655,23.4647
adder,23.4647,17.2955
adder,17.2955,17.7904
adder,17.7904,24.1597
adder,24.1597,21.0861
adder,21.0861,26.3840
adder,26.3840,25.0623
adder,25.0623,21.2910
adder,21.2910,20.9097
adder,20.9097,21.6958
adder,21.6958,21.0739
adder,21.0739,24.5902
adder,24.5902,22.7128
adder,22.7128,22.0882
adder,22.0882,19.4722
adder,19.4722,22.8404
adder,22.8404,22.5308
adder,22.5308,24.3606
adder,24.3606,17.2594
adder,17.2594,18.0880
adder,18.0880,22.2965
adder,22.2965,25.0417
adder,25.0417,20.0637
adder,20.0637,14.2974
adder,14.2974,14.7588
adder,14.7588,18.9852
adder,18.9852,19.7130
adder,19.7130,18.3517
adder,18.3517,15.3923
adder,15.3923,18.1417
adder,18.1417,15.3728
adder,15.3728,15.3908
adder,15.3908,19.9726
adder,19.9726,17.5830
adder,17.5830,20.4808
adder,20.4808,21.8423
adder,21.8423,18.6481
adder,18.6481,19.4882
adder,19.4882,17.1945
adder,17.1945,18.8771
adder,18.8771,17.2521
adder,17.2521,22.6662
adder,22.6662,22.4787
adder,22.4787,25.4401
adder,25.4401,25.9724
adder,25.9724,25.9424
adder,25.9424,22.3851
adder,22.3851,18.6037
adder,18.6037,16.6163
adder,16.6163,17.2281
adder,17.2281,15.2515
adder,15.2515,17.8520
adder,17.8520,18.9481
adder,18.9481,15.5145
adder,15.5145,17.5364
adder,17.5364,20.5032
adder,20.5032,22.7056
adder,22.7056,19.1963
adder,19.1963,20.5384
adder,20.5384,17.2882
adder,17.2882,15.6107
adder,15.6107,20.5452
adder,20.5452,20.4703
adder,20.4703,18.1317
adder,18.1317,18.4651
adder,18.4651,18.2556
adder,18.2556,20.8471
adder,20.8471,18.3927
adder,18.3927,15.9247
adder,15.9247,17.8395
adder,17.8395,19.5761
adder,19.5761,16.9071
adder,16.9071,16.2749
adder,16.2749,17.9285
adder,17.9285,18.2834
adder,18.2834,16.1512
adder,16.1512,16.3541
adder,16.3541,19.2914
adder,19.2914,21.6067
adder,21.6067,18.6423
adder,18.6423,22.4187
adder,22.4187,17.9419
adder,17.9419,16.1216
adder,16.1216,20.6239
adder,20.6239,18.8214
adder,18.8214,22.2945
adder,22.2945,23.6986
adder,23.6986,21.7598
adder,21.7598,20.1661
adder,20.1661,22.9561
adder,22.9561,27.4833
adder,27.4833,28.8154
adder,28.8154,24.1737
adder,24.1737,23.8835
adder,23.8835,26.2383
adder,26.2383,21.2493
adder,21.2493,19.4240
adder,19.4240,18.3113
adder,18.3113,22.9742
adder,22.9742,19.8672
adder,19.8672,21.1488
adder,21.1488,24.2435
adder,24.2435,20.7497
adder,20.7497,19.6159
adder,19.6159,18.4451
adder,18.4451,21.0937
adder,21.0937,19.2730
adder,19.2730,19.8684
adder,19.8684,17.4889
adder,17.4889,20.4008
adder,20.4008,17.9470
adder,17.9470,18.4135
adder,18.4135,21.0083
adder,21.0083,21.9269
adder,21.9269,27.6112
adder,27.6112,26.5492
adder,26.5492,21.8362
adder,21.8362,16.3136
adder,16.3136,19.8166
adder,19.8166,20.1483
adder,20.1483,19.6613
adder,19.6613,15.6602
adder,15.6602,20.2465
adder,20.2465,19.5931
adder,19.5931,20.5096
adder,20.5096,19.9356
adder,19.9356,22.0571
adder,22.0571,20.1292
adder,20.1292,21.1666
adder,21.1666,20.6323
adder,20.6323,21.5445
adder,21.5445,18.5482
adder,18.5482,19.6860
adder,19.6860,17.7584
adder,17.7584,18.0995
adder,18.0995,22.2057
adder,22.2057,22.6680
adder,22.6680,23.4449
adder,23.4449,27.0545
adder,27.0545,26.7576
adder,26.7576,21.1916
adder,21.1916,20.8783
adder,20.8783,18.0497
adder,18.0497,21.4125
adder,21.4125,23.6897
adder,23.6897,20.6357
adder,20.6357,19.2547
adder,19.2547,21.2695
adder,21.2695,14.2510
adder,14.2510,18.5537
adder,18.5537,19.1272
adder,19.1272,22.9317
adder,22.9317,26.4083
adder,26.4083,21.9432
adder,21.9432,15.8954
adder,15.8954,16.8153
adder,16.8153,17.6122
adder,17.6122,19.3431
adder,19.3431,21.0037
adder,21.0037,19.0498
adder,19.0498,19.7634
adder,19.7634,18.5913
adder,18.5913,21.5243
adder,21.5243,21.3585
adder,21.3585,20.2979
adder,20.2979,20.4753
adder,20.4753,21.0496
adder,21.0496,20.2635
adder,20.2635,18.0524
adder,18.0524,16.1820
adder,16.1820,16.6282
adder,16.6282,16.0586
adder,16.0586,18.7506
adder,18.7506,17.4849
adder,17.4849,16.5408
adder,16.5408,21.9804
adder,21.9804,24.7476
adder,24.7476,26.1753
adder,26.1753,24.0196
adder,24.0196,24.5758
adder,24.5758,23.2489
adder,23.2489,18.1104
adder,18.1104,20.9505
adder,20.9505,23.7928
adder,23.7928,25.3377
adder,25.3377,26.1668
adder,26.1668,22.6422
adder,22.6422,20.1535
adder,20.1535,21.2682
adder,21.2682,21.4200
adder,21.4200,22.9092
adder,22.9092,24.8298
adder,24.8298,22.2020
adder,22.2020,24.7070
adder,24.7070,22.0214
adder,22.0214,23.8532
adder,23.8532,21.6042
timer,20.4661,18.0699
timer,18.0699,20.9673
timer,20.9673,21.7432
timer,21.7432,21.4144
timer,21.4144,23.1148
timer,23.1148,22.8824
timer,22.8824,20.0244
timer,20.0244,20.1392
timer,20.1392,19.8785
timer,19.8785,18.7110
timer,18.7110,16.9023
timer,16.9023,17.3770
timer,17.3770,21.1416
timer,21.1416,20.3815
timer,20.3815,21.3075
timer,21.3075,19.4508
timer,19.4508,18.4491
timer,18.4491,18.1135
timer,18.1135,17.5389
timer,17.5389,16.3230
timer,16.3230,15.6045
timer,15.6045,18.4797
timer,18.4797,20.2153
timer,20.2153,21.8912
timer,21.8912,19.6723
timer,19.6723,21.0936
timer,21.0936,18.7740
timer,18.7740,20.0184
timer,20.0184,21.0337
timer,21.0337,22.6659
timer,22.6659,24.8007
timer,24.8007,21.3888
timer,21.3888,21.4664
timer,21.4664,18.4925
timer,18.4925,19.7655
timer,19.7655,22.4838
timer,22.4838,22.1994
timer,22.1994,23.7706
timer,23.7706,19.1233
timer,19.1233,18.0281
timer,18.0281,17.4500
timer,17.4500,18.1411
timer,18.1411,18.3546
timer,18.3546,18.4566
timer,18.4566,16.3905
timer,16.3905,16.8308
timer,16.8308,18.3367
timer,18.3367,17.6156
timer,17.6156,21.5748
timer,21.5748,21.7417
timer,21.7417,16.0554
timer,16.0554,19.4177
timer,19.4177,19.6568
timer,19.6568,17.6368
timer,17.6368,17.2358
timer,17.2358,19.3729
timer,19.3729,19.0966
timer,19.0966,20.7163
timer,20.7163,21.2516
timer,21.2516,19.1987
timer,19.1987,20.5757
timer,20.5757,21.4708
timer,21.4708,23.2609
timer,23.2609,17.8361
timer,17.8361,17.6507
timer,17.6507,18.8154
timer,18.8154,17.3279
timer,17.3279,14.6435
timer,14.6435,15.2922
timer,15.2922,12.7025
timer,12.7025,14.3148
timer,14.3148,16.0256
timer,16.0256,15.2241
timer,15.2241,16.8338
timer,16.8338,20.1497
timer,20.1497,21.1259
timer,21.1259,22.4257
timer,22.4257,20.3328
timer,20.3328,19.4370
timer,19.4370,16.4782
timer,16.4782,14.2519
timer,14.2519,13.6647
timer,13.6647,14.5193
timer,14.5193,15.3807
timer,15.3807,13.5274
timer,13.5274,14.2595
timer,14.2595,17.8773
timer,17.8773,15.8895
timer,15.8895,18.7815
timer,18.7815,20.6376
timer,20.6376,23.1735
timer,23.1735,25.6688
timer,25.6688,26.9709
timer,26.9709,21.1954
timer,21.1954,21.8161
timer,21.8161,26.3050
timer,26.3050,26.8533
timer,26.8533,29.0110
timer,29.0110,33.6160
timer,33.6160,29.9146
timer,29.9146,22.8888
timer,22.8888,21.1300
timer,21.1300,17.6815
timer,17.6815,20.5603
timer,20.5603,18.9416
timer,18.9416,18.6370
timer,18.6370,19.1992
timer,19.1992,18.8776
timer,18.8776,15.3654
timer,15.3654,14.5946
timer,14.5946,13.7782
timer,13.7782,16.3840
timer,16.3840,19.6306
timer,19.6306,24.2356
timer,24.2356,21.2968
timer,21.2968,22.6374
timer,22.6374,19.7300
timer,19.7300,19.7960
timer,19.7960,16.5768
timer,16.5768,18.4788
timer,18.4788,15.8185
timer,15.8185,19.4247
timer,19.4247,17.9002
timer,17.9002,15.1713
timer,15.1713,14.4848
timer,14.4848,15.5838
timer,15.5838,17.7260
timer,17.7260,17.0967
timer,17.0967,17.7871
timer,17.7871,19.2709
timer,19.2709,20.1436
timer,20.1436,17.4803
timer,17.4803,19.4482
timer,19.4482,16.5973
timer,16.5973,18.6225
timer,18.6225,18.6854
timer,18.6854,21.8889
timer,21.8889,21.8754
timer,21.8754,16.3771
timer,16.3771,16.9420
timer,16.9420,17.9414
timer,17.9414,14.9661
timer,14.9661,15.7839
timer,15.7839,14.0908
timer,14.0908,15.9215
timer,15.9215,14.5816
timer,14.5816,15.0411
timer,15.0411,15.7096
timer,15.7096,12.5762
timer,12.5762,13.3990
timer,13.3990,12.3829
timer,12.3829,16.3203
timer,16.3203,15.5014
timer,15.5014,16.0284
timer,16.0284,16.3470
timer,16.3470,14.6212
timer,14.6212,16.7796
timer,16.7796,19.6413
timer,19.6413,17.7474
timer,17.7474,16.0363
timer,16.0363,14.2598
timer,14.2598,17.7182
timer,17.7182,19.2980
timer,19.2980,18.1893
timer,18.1893,18.6239
timer,18.6239,22.0455
timer,22.0455,19.8188
timer,19.8188,18.7029
timer,18.7029,15.1291
timer,15.1291,14.2159
timer,14.2159,14.8685
timer,14.8685,18.7831
timer,18.7831,20.1930
timer,20.1930,22.8470
timer,22.8470,20.4549
timer,20.4549,19.1808
timer,19.1808,16.5431
timer,16.5431,14.4977
timer,14.4977,17.5239
timer,17.5239,18.2560
timer,18.2560,19.0914
timer,19.0914,17.2597
timer,17.2597,21.0866
timer,21.0866,20.5495
timer,20.5495,18.1233
timer,18.1233,17.3924
timer,17.3924,22.0408
timer,22.0408,25.6260
timer,25.6260,22.2123
timer,22.2123,23.1674
timer,23.1674,20.9840
timer,20.9840,20.8331
timer,20.8331,16.6354
timer,16.6354,21.0692
timer,21.0692,20.9798
timer,20.9798,19.1614
timer,19.1614,16.1012
timer,16.1012,20.1925
timer,20.1925,22.6170
timer,22.6170,19.3558
timer,19.3558,20.5500
timer,20.5500,19.9413
timer,19.9413,19.3979
timer,19.3979,18.6807
timer,18.6807,19.9172
timer,19.9172,16.5442
timer,16.5442,15.7167
timer,15.7167,18.5668
timer,18.5668,18.6577
timer,18.6577,22.7296
timer,22.7296,18.5115
timer,18.5115,19.2868
timer,19.2868,20.7423
timer,20.7423,21.3669
timer,21.3669,17.6955
timer,17.6955,17.1771
timer,17.1771,18.3904
timer,18.3904,20.4346
timer,20.4346,24.5881
timer,24.5881,24.6350
timer,24.6350,25.2366
timer,25.2366,25.7639
timer,25.7639,26.1177
timer,26.1177,23.6675
timer,23.6675,16.8531
timer,16.8531,19.7295
timer,19.7295,21.6177
timer,21.6177,19.4070
timer,19.4070,19.7576
timer,19.7576,20.2751
timer,20.2751,21.9202
timer,21.9202,22.7162
timer,22.7162,26.3762
timer,26.3762,24.9303
timer,24.9303,28.7800
timer,28.7800,30.1311
timer,30.1311,24.2977
timer,24.2977,21.1322
timer,21.1322,20.7711
timer,20.7711,21.2763
timer,21.2763,22.9525
timer,22.9525,21.1390
timer,21.1390,24.5224
timer,24.5224,18.8913
timer,18.8913,16.4176
timer,16.4176,13.9554
timer,13.9554,15.3636
timer,15.3636,17.9453
timer,17.9453,16.8336
timer,16.8336,20.3841
timer,20.3841,24.4854
timer,24.4854,25.8913
timer,25.8913,18.2473
timer,18.2473,14.6906
timer,14.6906,15.4227
timer,15.4227,18.7140
timer,18.7140,19.3426
timer,19.3426,19.3473
timer,19.3473,19.2138
timer,19.2138,17.7612
timer,17.7612,19.1499
timer,19.1499,18.3063
timer,18.3063,19.7483
timer,19.7483,18.5677
timer,18.5677,18.8266
timer,18.8266,20.8800
timer,20.8800,24.1622
timer,24.1622,23.9070
timer,23.9070,23.0865
timer,23.0865,21.2591
timer,21.2591,16.3735
timer,16.3735,19.3614
timer,19.3614,20.9281
timer,20.9281,17.4683
timer,17.4683,18.1733
timer,18.1733,19.5492
timer,19.5492,19.2303
timer,19.2303,19.3445
timer,19.3445,18.5369
timer,18.5369,21.1759
timer,21.1759,19.3016
timer,19.3016,22.5372
timer,22.5372,19.1000
timer,19.1000,16.3633
timer,16.3633,17.3826
timer,17.3826,13.8506
timer,13.8506,18.1002
timer,18.1002,18.1510
timer,18.1510,19.3223
timer,19.3223,21.1283
timer,21.1283,18.6761
timer,18.6761,21.3300
timer,21.3300,20.9389
timer,20.9389,16.2080
timer,16.2080,18.5907
timer,18.5907,15.7096
timer,15.7096,14.1201
timer,14.1201,13.2866
timer,13.2866,16.3367
timer,16.3367,16.4620
timer,16.4620,16.0978
timer,16.0978,18.9847
timer,18.9847,21.7901
timer,21.7901,16.3463
timer,16.3463,13.8738
timer,13.8738,13.6000
timer,13.6000,16.7440
timer,16.7440,13.9663
timer,13.9663,15.5229
timer,15.5229,18.7500
timer,18.7500,18.6190
timer,18.6190,19.4980
timer,19.4980,18.8999
timer,18.8999,17.2774
timer,17.2774,16.1231
timer,16.1231,18.3499
timer,18.3499,15.4638
timer,15.4638,13.8894
timer,13.8894,16.9316
timer,16.9316,18.1805
timer,18.1805,17.3580
timer,17.3580,22.4884
timer,22.4884,22.1165
timer,22.1165,18.6167
timer,18.6167,18.4989
timer,18.4989,19.5767
timer,19.5767,21.6872
timer,21.6872,19.8286
timer,19.8286,17.9082
timer,17.9082,17.9847
timer,17.9847,20.7021
timer,20.7021,23.2951
timer,23.2951,25.6131
timer,25.6131,26.8638
timer,26.8638,22.3061
timer,22.3061,20.3611
timer,20.3611,19.5539
timer,19.5539,11.9435
timer,11.9435,16.6343
timer,16.6343,17.6677
timer,17.6677,18.0874
timer,18.0874,16.7774
timer,16.7774,15.1548
timer,15.1548,15.9492
timer,15.9492,19.2493
timer,19.2493,18.1886
timer,18.1886,14.6655
timer,14.6655,16.6884
timer,16.6884,18.0225
timer,18.0225,14.9840
timer,14.9840,17.9564
timer,17.9564,16.5973
timer,16.5973,21.1553
timer,21.1553,21.4578
timer,21.4578,22.1007
timer,22.1007,24.4050
timer,24.4050,25.6496
timer,25.6496,27.0957
timer,27.0957,18.1751
timer,18.1751,16.7213
timer,16.7213,17.1309
timer,17.1309,18.0730
timer,18.0730,18.4860
timer,18.4860,16.5738
timer,16.5738,13.6485
timer,13.6485,15.9767
timer,15.9767,16.9567
timer,16.9567,19.2691
timer,19.2691,16.7108
timer,16.7108,14.5850
timer,14.5850,18.0998
timer,18.0998,16.9025
timer,16.9025,17.0470
timer,17.0470,15.7997
timer,15.7997,15.9050
timer,15.9050,18.0226
timer,18.0226,13.7243
timer,13.7243,16.3230
timer,16.3230,16.7563
timer,16.7563,17.5604
timer,17.5604,17.5458
timer,17.5458,18.3761
timer,18.3761,19.6475
timer,19.6475,20.7345
timer,20.7345,16.4789
timer,16.4789,16.2929
timer,16.2929,13.0936
timer,13.0936,13.4972
timer,13.4972,13.6156
timer,13.6156,14.8134
timer,14.8134,15.5745
timer,15.5745,18.4851
timer,18.4851,16.8414
timer,16.8414,17.6027
timer,17.6027,16.3661
timer,16.3661,16.3169
timer,16.3169,15.1152
timer,15.1152,14.6616
timer,14.6616,15.0510
timer,15.0510,17.4931
timer,17.4931,17.4651
timer,17.4651,17.3311
timer,17.3311,19.5236
timer,19.5236,21.3275
timer,21.3275,19.9121
timer,19.9121,20.5171
timer,20.5171,19.5731
timer,19.5731,20.7203
timer,20.7203,18.3740
timer,18.3740,20.4681
timer,20.4681,20.1443
timer,20.1443,20.0686
timer,20.0686,21.4001
timer,21.4001,24.3411
timer,24.3411,21.4999
timer,21.4999,21.8241
timer,21.8241,17.4560
timer,17.4560,18.3596
timer,18.3596,18.8773
timer,18.8773,16.6355
timer,16.6355,15.0426
timer,15.0426,14.9919
timer,14.9919,13.2829
timer,13.2829,14.5398
timer,14.5398,15.0314
timer,15.0314,14.1476
timer,14.1476,18.4476
timer,18.4476,21.6552
timer,21.6552,20.6143
timer,20.6143,18.8352
timer,18.8352,19.1449
timer,19.1449,18.4401
timer,18.4401,16.9174
timer,16.9174,18.0460
timer,18.0460,17.2530
timer,17.2530,21.7161
timer,21.7161,20.6575
timer,20.6575,20.8522
timer,20.8522,24.0065
timer,24.0065,21.5907
timer,21.5907,19.9916
timer,19.9916,24.7384
timer,24.7384,27.9509
timer,27.9509,25.2076
timer,25.2076,19.9374
timer,19.9374,21.5521
timer,21.5521,18.9016
timer,18.9016,22.2662
timer,22.2662,21.8620
timer,21.8620,24.4105
timer,24.4105,24.4553
timer,24.4553,25.6962
timer,25.6962,21.6366
timer,21.6366,20.5653
timer,20.5653,17.1507
timer,17.1507,17.2146
timer,17.2146,17.4186
timer,17.4186,19.5640
timer,19.5640,20.2801
timer,20.2801,18.6670
timer,18.6670,20.6722
timer,20.6722,21.8173
timer,21.8173,17.6365
timer,17.6365,19.1245
timer,19.1245,16.3192
timer,16.3192,18.9140
timer,18.9140,18.0714
timer,18.0714,18.6568
timer,18.6568,19.1538
timer,19.1538,19.7588
timer,19.7588,28.8696
timer,28.8696,33.2169
timer,33.2169,30.2542
timer,30.2542,25.5423
timer,25.5423,21.0305
timer,21.0305,25.1975
timer,25.1975,26.1707
timer,26.1707,28.2902
timer,28.2902,26.4942
timer,26.4942,26.7312
timer,26.7312,27.6603
timer,27.6603,26.2971
timer,26.2971,27.1226
timer,27.1226,26.0096
timer,26.0096,23.4251
timer,23.4251,19.0539
timer,19.0539,20.1131
timer,20.1131,21.2309
timer,21.2309,19.9341
timer,19.9341,16.3470
timer,16.3470,20.5480
timer,20.5480,21.5605
timer,21.5605,18.3733
timer,18.3733,17.0808
timer,17.0808,17.1714
timer,17.1714,20.1188
timer,20.1188,20.0992
timer,20.0992,19.5158
timer,19.5158,21.6125
timer,21.6125,21.0066
timer,21.0066,18.7201
timer,18.7201,18.7611
timer,18.7611,19.0788
timer,19.0788,16.6572
timer,16.6572,17.4026
timer,17.4026,15.9365
timer,15.9365,18.0618
timer,18.0618,19.9558
timer,19.9558,21.1800
timer,21.1800,21.1848
timer,21.1848,22.5059
timer,22.5059,20.3380
timer,20.3380,21.5031
timer,21.5031,22.0339
timer,22.0339,21.4164
timer,21.4164,20.0547
timer,20.0547,18.1737
timer,18.1737,18.0221
timer,18.0221,21.6491
timer,21.6491,24.2418
timer,24.2418,22.1118
timer,22.1118,23.2239
timer,23.2239,19.7811
timer,19.7811,22.6529
timer,22.6529,18.7236
timer,18.7236,17.3888
timer,17.3888,16.9345
timer,16.9345,18.2920
timer,18.2920,19.1473
timer,19.1473,14.7956
timer,14.7956,16.1237
timer,16.1237,17.4087
timer,17.4087,18.0652
timer,18.0652,20.3197
timer,20.3197,22.1794
timer,22.1794,18.4854
timer,18.4854,18.3693
timer,18.3693,19.3750
timer,19.3750,24.7361
timer,24.7361,24.3028
timer,24.3028,24.0796
timer,24.0796,25.1928
timer,25.1928,23.2237
timer,23.2237,23.2973
timer,23.2973,22.9250
timer,22.9250,23.6634
timer,23.6634,25.7765
timer,25.7765,23.4150
timer,23.4150,24.3401
timer,24.3401,25.6945
timer,25.6945,24.9642
timer,24.9642,25.8462
timer,25.8462,28.9485
timer,28.9485,24.4992
timer,24.4992,28.7515
timer,28.7515,29.6287
timer,29.6287,28.7214
timer,28.7214,24.8801
timer,24.8801,23.7360
timer,23.7360,20.1691
timer,20.1691,19.1358
timer,19.1358,21.1921
timer,21.1921,23.0380
timer,23.0380,16.2657
timer,16.2657,21.7338
timer,21.7338,25.3873
timer,25.3873,22.3647
timer,22.3647,22.4929
timer,22.4929,19.6089
timer,19.6089,20.4883
timer,20.4883,21.8101
timer,21.8101,27.7750
timer,27.7750,28.8182
timer,28.8182,29.6652
timer,29.6652,24.5159
timer,24.5159,24.1781
timer,24.1781,22.6418
timer,22.6418,23.3675
timer,23.3675,22.2878
timer,22.2878,19.8625
timer,19.8625,22.5706
timer,22.5706,22.7942
timer,22.7942,24.8021
timer,24.8021,21.2334
timer,21.2334,22.4536
timer,22.4536,20.5767
timer,20.5767,17.8826
timer,17.8826,14.1457
timer,14.1457,16.1301
timer,16.1301,16.9986
timer,16.9986,14.4758
timer,14.4758,13.5146
timer,13.5146,15.4830
timer,15.4830,18.7504
timer,18.7504,15.3438
timer,15.3438,13.8601
timer,13.8601,17.1238
timer,17.1238,15.9746
timer,15.9746,16.4418
timer,16.4418,20.2499
timer,20.2499,20.4724
timer,20.4724,19.9828
timer,19.9828,16.2780
timer,16.2780,16.5980
timer,16.5980,14.6997
timer,14.6997,18.5962
timer,18.5962,19.4618
timer,19.4618,19.7534
timer,19.7534,20.6653
timer,20.6653,20.3211
timer,20.3211,17.2774
timer,17.2774,18.5685
timer,18.5685,18.7993
timer,18.7993,20.4705
timer,20.4705,20.5029
timer,20.5029,21.6966
timer,21.6966,23.1323
timer,23.1323,24.7689
timer,24.7689,19.5846
timer,19.5846,19.5844
timer,19.5844,17.4423
timer,17.4423,17.3809
timer,17.3809,17.1855
timer,17.1855,21.9269
timer,21.9269,25.4378
timer,25.4378,26.1887
timer,26.1887,21.1134
timer,21.1134,16.9260
timer,16.9260,12.2391
timer,12.2391,14.7373
timer,14.7373,18.2638
timer,18.2638,15.0171
timer,15.0171,16.6746
timer,16.6746,17.9475
timer,17.9475,19.3052
timer,19.3052,21.5978
timer,21.5978,23.8628
timer,23.8628,25.2896
timer,25.2896,28.2230
timer,28.2230,18.3345
timer,18.3345,19.6030
timer,19.6030,16.9867
timer,16.9867,14.5017
timer,14.5017,18.2650
timer,18.2650,20.8827
timer,20.8827,19.5791
timer,19.5791,21.7010
timer,21.7010,19.8531
timer,19.8531,21.4244
timer,21.4244,28.5697
timer,28.5697,24.6879
timer,24.6879,21.2084
timer,21.2084,19.2780
timer,19.2780,19.5510
timer,19.5510,19.5576
timer,19.5576,21.3899
timer,21.3899,21.7924
timer,21.7924,17.4777
timer,17.4777,19.0583
timer,19.0583,17.6693
timer,17.6693,15.7739
timer,15.7739,14.9549
timer,14.9549,16.2965
timer,16.2965,21.0068
timer,21.0068,22.1489
timer,22.1489,24.2457
timer,24.2457,21.9289
timer,21.9289,23.8113
timer,23.8113,21.7469
timer,21.7469,19.3717
timer,19.3717,18.5165
timer,18.5165,19.7245
timer,19.7245,20.1130
timer,20.1130,19.1172
timer,19.1172,18.0373
timer,18.0373,15.2325
timer,15.2325,15.3184
timer,15.3184,16.8144
timer,16.8144,17.9251
timer,17.9251,18.3500
timer,18.3500,19.2915
timer,19.2915,24.4324
timer,24.4324,21.5982
timer,21.5982,19.4731
timer,19.4731,23.6229
timer,23.6229,19.8152
timer,19.8152,24.1686
timer,24.1686,21.2849
timer,21.2849,21.1048
timer,21.1048,23.6626
timer,23.6626,18.9593
timer,18.9593,22.6578
timer,22.6578,19.9184
timer,19.9184,22.2216
timer,22.2216,30.0208
timer,30.0208,20.3403
timer,20.3403,16.2067
timer,16.2067,15.6886
timer,15.6886,16.4439
timer,16.4439,15.8481
timer,15.8481,18.5529
timer,18.5529,16.2338
timer,16.2338,14.7152
timer,14.7152,10.6614
timer,10.6614,12.1769
timer,12.1769,13.0782
timer,13.0782,14.8483
timer,14.8483,16.2694
timer,16.2694,16.4582
timer,16.4582,18.2940
timer,18.2940,15.7098
timer,15.7098,18.8812
timer,18.8812,17.4779
timer,17.4779,16.6135
timer,16.6135,17.9266
timer,17.9266,17.4981
timer,17.4981,15.5623
timer,15.5623,17.8603
timer,17.8603,19.2637
timer,19.2637,19.7191
timer,19.7191,19.1747
timer,19.1747,19.0614
timer,19.0614,17.0957
timer,17.0957,17.2749
timer,17.2749,14.6828
timer,14.6828,16.0962
timer,16.0962,19.6981
timer,19.6981,17.2708
timer,17.2708,16.1846
timer,16.1846,14.6590
timer,14.6590,15.1479
timer,15.1479,15.8426
timer,15.8426,15.3843
timer,15.3843,16.7567
timer,16.7567,20.4756
timer,20.4756,22.0802
timer,22.0802,20.1151
timer,20.1151,19.4711
timer,19.4711,21.8576
timer,21.8576,24.3384
timer,24.3384,24.1184
timer,24.1184,24.0401
timer,24.0401,20.0937
timer,20.0937,21.4299
timer,21.4299,21.5625
timer,21.5625,22.9627
timer,22.9627,20.6052
timer,20.6052,19.9369
timer,19.9369,17.7707
timer,17.7707,20.2173
timer,20.2173,22.2696
timer,22.2696,20.9053
timer,20.9053,19.0376
timer,19.0376,19.1676
timer,19.1676,20.8032
timer,20.8032,18.5040
timer,18.5040,16.9510
timer,16.9510,16.0501
timer,16.0501,16.2426
timer,16.2426,17.2044
timer,17.2044,20.0702
timer,20.0702,18.7041
timer,18.7041,18.7943
timer,18.7943,17.2778
timer,17.2778,17.5849
timer,17.5849,19.4712
timer,19.4712,16.9602
timer,16.9602,14.1528
timer,14.1528,16.6422
timer,16.6422,17.6287
timer,17.6287,19.8120
timer,19.8120,19.0195
timer,19.0195,20.3531
timer,20.3531,17.2950
timer,17.2950,15.9421
timer,15.9421,14.5949
timer,14.5949,14.2916
timer,14.2916,15.0110
timer,15.0110,14.6233
timer,14.6233,17.3729
timer,17.3729,20.2109
timer,20.2109,25.1881
timer,25.1881,23.6154
timer,23.6154,20.7217
timer,20.7217,18.4213
timer,18.4213,22.3665
timer,22.3665,16.3795
timer,16.3795,10.6073
timer,10.6073,11.8397
timer,11.8397,14.9442
timer,14.9442,15.6085
timer,15.6085,17.9242
timer,17.9242,20.2725
timer,20.2725,18.6297
timer,18.6297,18.9727
timer,18.9727,20.0997
timer,20.0997,20.7796
timer,20.7796,19.8225
timer,19.8225,21.1847
timer,21.1847,17.8645
timer,17.8645,20.9082
timer,20.9082,22.2160
timer,22.2160,21.6153
timer,21.6153,22.6017
timer,22.6017,22.2181
timer,22.2181,22.5717
timer,22.5717,16.4249
timer,16.4249,17.0226
timer,17.0226,11.8971
timer,11.8971,14.1221
timer,14.1221,12.4991
timer,12.4991,11.7775
timer,11.7775,16.5014
timer,16.5014,19.2482
timer,19.2482,20.6233
timer,20.6233,15.5192
timer,15.5192,16.0661
timer,16.0661,16.4863
timer,16.4863,16.7139
timer,16.7139,17.6683
timer,17.6683,19.2454
timer,19.2454,21.9386
timer,21.9386,15.6151
timer,15.6151,16.4128
timer,16.4128,13.0469
timer,13.0469,12.8047
timer,12.8047,14.7497
timer,14.7497,15.5527
timer,15.5527,21.2331
timer,21.2331,18.2311
timer,18.2311,20.3180
timer,20.3180,17.2210
timer,17.2210,16.7756
timer,16.7756,17.7226
timer,17.7226,16.1723
timer,16.1723,17.7817
timer,17.7817,16.3625
timer,16.3625,16.9009
timer,16.9009,17.8888
timer,17.8888,16.5492
timer,16.5492,17.8217
timer,17.8217,17.5034
timer,17.5034,18.3513
timer,18.3513,20.2264
timer,20.2264,19.5883
timer,19.5883,19.8714
timer,19.8714,22.7492
timer,22.7492,24.3982
timer,24.3982,23.5549
timer,23.5549,22.5324
timer,22.5324,25.3810
timer,25.3810,25.0404
timer,25.0404,27.7901
timer,27.7901,25.1015
timer,25.1015,33.0322
timer,33.0322,34.5959
timer,34.5959,34.4131
timer,34.4131,23.3343
timer,23.3343,22.1556
timer,22.1556,19.7627
timer,19.7627,20.7312
timer,20.7312,19.0526
timer,19.0526,20.8318
timer,20.8318,19.7199
timer,19.7199,17.8947
timer,17.8947,16.8871
timer,16.8871,17.9221
timer,17.9221,16.4077
timer,16.4077,18.6225
timer,18.6225,17.8186
timer,17.8186,18.8881
timer,18.8881,18.3120
timer,18.3120,21.1185
timer,21.1185,27.5157
timer,27.5157,26.4055
timer,26.4055,26.3375
timer,26.3375,28.7511
timer,28.7511,26.0443
timer,26.0443,22.8638
timer,22.8638,24.8128
timer,24.8128,24.7491
timer,24.7491,22.0591
timer,22.0591,24.9805
timer,24.9805,20.8941
timer,20.8941,21.1347
timer,21.1347,20.7620
timer,20.7620,19.1656
timer,19.1656,15.0995
timer,15.0995,15.1230
timer,15.1230,14.1541
timer,14.1541,16.8165
timer,16.8165,19.0818
timer,19.0818,15.7946
timer,15.7946,18.9825
timer,18.9825,20.2526
timer,20.2526,17.0616
timer,17.0616,16.5749
timer,16.5749,18.5760
timer,18.5760,20.4610
timer,20.4610,21.6813
timer,21.6813,21.5869
timer,21.5869,21.6268
timer,21.6268,18.6963
timer,18.6963,19.2955
timer,19.2955,19.7487
timer,19.7487,22.9256
timer,22.9256,16.8674
timer,16.8674,18.1608
timer,18.1608,16.9590
timer,16.9590,21.7593
timer,21.7593,21.3443
timer,21.3443,22.3194
timer,22.3194,22.7263
timer,22.7263,24.7102
timer,24.7102,26.0098
timer,26.0098,27.9079
timer,27.9079,25.8826
timer,25.8826,22.8245
timer,22.8245,23.5814
timer,23.5814,21.6032
timer,21.6032,21.0604
timer,21.0604,20.1370
timer,20.1370,21.7841
timer,21.7841,22.3180
timer,22.3180,23.5996
timer,23.5996,22.3714
timer,22.3714,17.9498
timer,17.9498,14.8867
timer,14.8867,16.6153
timer,16.6153,18.2265
timer,18.2265,17.6415
timer,17.6415,15.1469
timer,15.1469,11.8818
timer,11.8818,9.3118
timer,9.3118,12.2377
timer,12.2377,12.7101
timer,12.7101,16.1549
timer,16.1549,15.8155
timer,15.8155,15.8845
timer,15.8845,15.7786
timer,15.7786,17.5699
timer,17.5699,15.9792
timer,15.9792,20.0518
timer,20.0518,22.7555
timer,22.7555,22.2986
timer,22.2986,15.7702
timer,15.7702,13.3465
timer,13.3465,15.5853
timer,15.5853,17.3412
timer,17.3412,19.1348
timer,19.1348,18.0649
timer,18.0649,19.1401
timer,19.1401,18.6595
timer,18.6595,16.1408
timer,16.1408,18.1888
timer,18.1888,19.0407
timer,19.0407,23.8709
timer,23.8709,24.0453
timer,24.0453,24.6132
timer,24.6132,15.1579
timer,15.1579,14.5324
timer,14.5324,15.6719
timer,15.6719,10.1869
timer,10.1869,11.8946
timer,11.8946,11.9335
timer,11.9335,13.6137
timer,13.6137,16.1603
timer,16.1603,16.0979
timer,16.0979,18.9557
timer,18.9557,17.2429
timer,17.2429,17.2787
timer,17.2787,14.2648
timer,14.2648,17.8613
timer,17.8613,14.6402
timer,14.6402,16.1601
timer,16.1601,16.1068
timer,16.1068,13.4078
timer,13.4078,13.8055
timer,13.8055,16.5406
timer,16.5406,13.0220
timer,13.0220,11.9910
timer,11.9910,14.2411
timer,14.2411,16.2845
timer,16.2845,16.7101
timer,16.7101,21.1562
timer,21.1562,15.6117
timer,15.6117,16.9803
timer,16.9803,18.0612
timer,18.0612,24.5238
timer,24.5238,23.4858
timer,23.4858,18.4836
timer,18.4836,17.8407
timer,17.8407,16.6975
timer,16.6975,15.5741
timer,15.5741,21.0247
timer,21.0247,15.9330
timer,15.9330,15.9712
timer,15.9712,21.6224
timer,21.6224,23.8949
timer,23.8949,23.8404
timer,23.8404,21.2473
timer,21.2473,19.6159
timer,19.6159,23.8632
timer,23.8632,18.2227
timer,18.2227,17.8088
timer,17.8088,23.4710
timer,23.4710,21.5860
timer,21.5860,27.2142
timer,27.2142,27.4598
timer,27.4598,24.1861
timer,24.1861,23.4357
timer,23.4357,23.9465
timer,23.9465,23.2088
timer,23.2088,26.8288
timer,26.8288,25.5923
timer,25.5923,25.0233
timer,25.0233,21.9921
timer,21.9921,24.8749
timer,24.8749,24.8827
timer,24.8827,27.1061
timer,27.1061,19.7100
timer,19.7100,19.2072
timer,19.2072,22.7197
timer,22.7197,26.0974
timer,26.0974,21.8919
timer,21.8919,15.2874
timer,15.2874,14.1709
timer,14.1709,17.0721
timer,17.0721,18.0054
timer,18.0054,17.1018
timer,17.1018,14.3091
timer,14.3091,16.1279
timer,16.1279,13.7808
timer,13.7808,13.3451
timer,13.3451,16.9403
timer,16.9403,15.5762
timer,15.5762,18.1819
timer,18.1819,20.1113
timer,20.1113,17.9014
timer,17.9014,18.5826
timer,18.5826,16.4916
timer,16.4916,17.6301
timer,17.6301,16.1729
timer,16.1729,20.8452
timer,20.8452,21.7420
timer,21.7420,25.5205
timer,25.5205,27.5960
timer,27.5960,29.0018
timer,29.0018,26.0689
timer,26.0689,21.5524
timer,21.5524,18.2197
timer,18.2197,17.5636
timer,17.5636,14.8899
timer,14.8899,16.3749
timer,16.3749,17.3014
timer,17.3014,14.3211
timer,14.3211,15.5451
timer,15.5451,18.1988
timer,18.1988,20.9089
timer,20.9089,18.5930
timer,18.5930,19.8536
timer,19.8536,16.9649
timer,16.9649,14.8401
timer,14.8401,18.6121
timer,18.6121,19.1439
timer,19.1439,17.3457
timer,17.3457,17.4418
timer,17.4418,17.1629
timer,17.1629,19.4786
timer,19.4786,17.6591
timer,17.6591,15.1349
timer,15.1349,16.2394
timer,16.2394,17.7755
timer,17.7755,15.6628
timer,15.6628,14.7699
timer,14.7699,15.8922
timer,15.8922,16.3117
timer,16.3117,14.5414
timer,14.5414,14.3912
timer,14.3912,16.7616
timer,16.7616,19.3252
timer,19.3252,17.4688
timer,17.4688,21.0036
timer,21.0036,17.5556
timer,17.5556,15.4381
timer,15.4381,18.9313
timer,18.9313,17.7896
timer,17.7896,21.0673
timer,21.0673,23.3100
timer,23.3100,22.3904
timer,22.3904,21.0478
timer,21.0478,23.7595
timer,23.7595,29.1999
timer,29.1999,32.6486
timer,32.6486,29.2038
timer,29.2038,29.0912
timer,29.0912,32.0699
timer,32.0699,26.7027
timer,26.7027,23.5701
timer,23.5701,21.0661
timer,21.0661,24.9458
timer,24.9458,21.9220
timer,21.9220,22.7486
timer,22.7486,25.9957
timer,25.9957,22.9775
timer,22.9775,21.4049
timer,21.4049,19.6051
timer,19.6051,21.6219
timer,21.6219,19.9010
timer,19.9010,20.1611
timer,20.1611,17.6526
timer,17.6526,19.8512
timer,19.8512,17.6698
timer,17.6698,17.7136
timer,17.7136,20.0003
timer,20.0003,21.3880
timer,21.3880,27.7133
timer,27.7133,28.7567
timer,28.7567,24.9257
timer,24.9257,18.4787
timer,18.4787,20.5830
timer,20.5830,20.6836
timer,20.6836,20.0909
timer,20.0909,15.8478
timer,15.8478,19.1743
timer,19.1743,18.8701
timer,18.8701,19.8424
timer,19.8424,19.5685
timer,19.5685,21.7352
timer,21.7352,20.3904
timer,20.3904,21.4074
timer,21.4074,21.1056
timer,21.1056,22.0886
timer,22.0886,19.2574
timer,19.2574,19.8586
timer,19.8586,17.8039
timer,17.8039,17.5950
timer,17.5950,21.2108
timer,21.2108,22.4588
timer,22.4588,24.0055
timer,24.0055,28.6507
timer,28.6507,30.1249
timer,30.1249,25.0121
timer,25.0121,24.0850
timer,24.0850,20.3675
timer,20.3675,22.8202
timer,22.8202,25.3017
timer,25.3017,22.6491
timer,22.6491,20.8363
timer,20.8363,22.3531
timer,22.3531,15.0315
timer,15.0315,17.6308
timer,17.6308,18.0816
timer,18.0816,21.7567
timer,21.7567,26.2259
timer,26.2259,23.3288
timer,23.3288,17.0513
timer,17.0513,16.6661
timer,16.6661,16.7434
timer,16.7434,18.0589
timer,18.0589,19.8000
timer,19.8000,18.4441
timer,18.4441,19.0631
timer,19.0631,18.0448
timer,18.0448,20.6743
timer,20.6743,21.0947
timer,21.0947,20.4371
timer,20.4371,20.6571
timer,20.6571,21.3150
timer,21.3150,20.7191
timer,20.7191,18.4179
timer,18.4179,16.0010
timer,16.0010,15.6261
timer,15.6261,14.6605
timer,14.6605,16.6353
timer,16.6353,15.7713
timer,15.7713,14.8517
timer,14.8517,19.4159
timer,19.4159,23.0637
timer,23.0637,26.0864
timer,26.0864,25.5564
timer,25.5564,26.9848
timer,26.9848,26.3268
timer,26.3268,20.7240
timer,20.7240,22.5863
timer,22.5863,25.4945
timer,25.4945,27.9118
timer,27.9118,29.9356
timer,29.9356,26.9270
timer,26.9270,23.8155
timer,23.8155,24.2183
timer,24.2183,24.0460
timer,24.0460,25.4805
timer,25.4805,27.9034
timer,27.9034,25.6813
timer,25.6813,28.4070
timer,28.4070,25.9145
timer,25.9145,27.7417
timer,27.7417,25.4268
